Workbook

Sheet Min. Curv
A1: Minimum curvature forward and backward implementation. | K1: Yellow are input fields
A2: Accompanies the document "SDU_wellbore_trajectory_calculations" | K2: Red column headers indicate final output
A3: Bert Kampes, 2019-08-23; updated 2020-01-21 for better handling ft survey with ftUS CRS and inverse min. curvature
A5: Directional survey observation references
B6: MD unit | E6: m | K6: i.e., the calculated local coordinates (n,e,d) will have the same unit
B7: AZ reference | E7: Grid North | K7: i.e., the calculated local coordinates (n,e) will be aligned the same (with Grid North of the projected CRS or True North)
B8: ZDP_height | E8: (see next page for more complete survey header) | K8: Not needed for min curvature calculations; but required metadata with the survey
A9: Well
B10: Name | E10: A008
B11: UWI | E11: 6081740479
A12: Wellbore
B13: Name | E13: A008 ST01BP01
B14: UWBI | E14: 608174047904
A15: MDINCAZ to wellbore local method | E15: Minimum curvature
A18: DIRECTIONAL SURVEY DATA (input M,I,A) | H18: MINIMUM CURVATURE (input MD,INC,AZ; output n,e,d) | S18: INVERSE MINIMUM CURVATURE (input MD1, I1, A1 and n,e,d; output MD,INC,AZ) | AH18: roundtrip error analysis
O19: =CONCATENATE("(oriented """,E7,""")") -> (oriented "Grid North") | AH19: =MAX(AH22:AH99999) -> 7.2759576e-12 | AI19: =MAX(AI22:AI99999) -> 2.310134e-09 | AJ19: =MAX(AJ22:AJ99999) -> 1.8317994e-06
A20: =CONCATENATE("MD [",$E6,"]") -> MD [m] | B20: INC [deg] | C20: AZ [deg] | E20: INC [rad] | F20: AZ [rad] | H20: Dogleg [rad] | I20: alt eq for DL | J20: =IF(LEFT(E$6,1)="m", "DLS [deg/30m]", "DLS [deg/100ft]") -> DLS [deg/30m] | K20: Ratio Factor | L20: =CONCATENATE("dn [",$E6,"]") -> dn [m] | M20: =CONCATENATE("de [",$E6,"]") -> de [m] | N20: =CONCATENATE("dd [",$E6,"]") -> dd [m] | O20: =CONCATENATE("n [",$E6,"]") -> n [m] | P20: =CONCATENATE("e [",$E6,"]") -> e [m] | Q20: =CONCATENATE("d [",$E6,"]") -> d [m] | S20: =CONCATENATE("dn [",$E6,"]") -> dn [m] | T20: =CONCATENATE("de [",$E6,"]") -> de [m] | U20: =CONCATENATE("dd [",$E6,"]") -> dd [m] | V20: =CONCATENATE("R [",$E6,"]") -> R [m] | W20: Dogleg [rad] | X20: Ratio Factor | Y20: =CONCATENATE("dM [",$E6,"]") -> dM [m] | Z20: INC [rad] | AA20: AZ_N [rad] | AB20: AZ_E [rad] | AC20: AZ [rad] | AD20: =CONCATENATE("MD [",$E6,"]") -> MD [m] | AE20: INC [deg] | AF20: AZ [deg] | AH20: error MD^ | AI20: error INC^ | AJ20: error AZ^
A21: 0 | B21: 0 | C21: 55.47 | E21: =RADIANS(B21) -> 0 | F21: =RADIANS(C21) -> 0.96813414 | O21: 0 | P21: 0 | Q21: 0 | Z21: =E21 -> 0 | AC21: =F21 -> 0.96813414 | AD21: =A21 -> 0 | AE21: =DEGREES(Z21) -> 0 | AF21: =MOD(DEGREES(AC21),360) -> 55.47
A22: 3137 | B22: 0 | C22: 55.47 | E22: =RADIANS(B22) -> 0 | F22: =RADIANS(C22) -> 0.96813414 | H22: =ACOS(MAX(-1,MIN(1, COS(E22-E21)-SIN(E21)*SIN(E22)*(1-COS(F22-F21))))) -> 0 | I22: =2*ASIN(SQRT( SIN((E22-E21)/2)^2 + SIN(E21)*SIN(E22)*SIN((F22-F21)/2)^2) ) -> 0 | J22: =IF(LEFT(E$6,1)="m", 30*DEGREES(H22)/(A22-A21), 100*DEGREES(H22)/(A22-A21)) -> 0 | K22: =IF(H22=0, 1, 2*TAN(H22/2)/H22) -> 1 | L22: =0.5*(A22-A21)*K22 * (SIN(E21)*COS(F21) + SIN(E22)*COS(F22)) -> 0 | M22: =0.5*(A22-A21)*K22 * (SIN(E21)*SIN(F21) + SIN(E22)*SIN(F22)) -> 0 | N22: =0.5*(A22-A21)*K22 * (COS(E21) + COS(E22)) -> 3137 | O22: =O21+L22 -> 0 | P22: =P21+M22 -> 0 | Q22: =Q21+N22 -> 3137 | S22: =O22-O21 -> 0 | T22: =P22-P21 -> 0 | U22: =Q22-Q21 -> 3137 | V22: =SQRT(S22^2+T22^2+U22^2) -> 3137 | W22: =2*ACOS(MAX(-1,MIN(1, (S22*SIN(Z21)*COS(AC21) + T22*SIN(Z21)*SIN(AC21) + U22*COS(Z21))/V22))) -> 0 | X22: =IF(W22=0, 1, 2*TAN(W22/2)/W22) -> 1 | Y22: =IF(W22=0, V22, 0.5*W22*V22/SIN(W22/2)) -> 3137 | Z22: =ACOS(MAX(-1,MIN(1, U22/(0.5*Y22*X22) - COS(Z21)))) -> 0 | AA22: =IF(Z22<0.000001, 0, ACOS(MAX(-1,MIN(1, (S22/(0.5*Y22*X22) - SIN(Z21)*COS(AC21))/SIN(Z22))))) -> 0 | AB22: =IF(Z22<0.000001, 0, ASIN(MAX(-1,MIN(1, (T22/(0.5*Y22*X22) - SIN(Z21)*SIN(AC21))/SIN(Z22))))) -> 0 | AC22: =IF(Z22<0.000001, 0, SIGN(AB22)*AA22) -> 0 | AD22: =AD21+Y22 -> 3137 | AE22: =DEGREES(Z22) -> 0 | AF22: =MOD(DEGREES(AC22),360) -> 0 | AH22: =ABS(AD22-A22) -> 0 | AI22: =ABS(AE22-B22) -> 0 | AJ22: =IF(B22=0, 0, ABS(AF22-C22)) -> 0
A23: 3150 | B23: 0.83 | C23: 55.47 | E23: =RADIANS(B23) -> 0.014486233 | F23: =RADIANS(C23) -> 0.96813414 | H23: =ACOS(MAX(-1,MIN(1, COS(E23-E22)-SIN(E22)*SIN(E23)*(1-COS(F23-F22))))) -> 0.014486233 | I23: =2*ASIN(SQRT( SIN((E23-E22)/2)^2 + SIN(E22)*SIN(E23)*SIN((F23-F22)/2)^2) ) -> 0.014486233 | J23: =IF(LEFT(E$6,1)="m", 30*DEGREES(H23)/(A23-A22), 100*DEGREES(H23)/(A23-A22)) -> 1.9153846 | K23: =IF(H23=0, 1, 2*TAN(H23/2)/H23) -> 1.0000175 | L23: =0.5*(A23-A22)*K23 * (SIN(E22)*COS(F22) + SIN(E23)*COS(F23)) -> 0.053372793 | M23: =0.5*(A23-A22)*K23 * (SIN(E22)*SIN(F22) + SIN(E23)*SIN(F23)) -> 0.077570852 | N23: =0.5*(A23-A22)*K23 * (COS(E22) + COS(E23)) -> 12.999545 | O23: =O22+L23 -> 0.053372793 | P23: =P22+M23 -> 0.077570852 | Q23: =Q22+N23 -> 3149.9995 | S23: =O23-O22 -> 0.053372793 | T23: =P23-P22 -> 0.077570852 | U23: =Q23-Q22 -> 12.999545 | V23: =SQRT(S23^2+T23^2+U23^2) -> 12.999886 | W23: =2*ACOS(MAX(-1,MIN(1, (S23*SIN(Z22)*COS(AC22) + T23*SIN(Z22)*SIN(AC22) + U23*COS(Z22))/V23))) -> 0.014486233 | X23: =IF(W23=0, 1, 2*TAN(W23/2)/W23) -> 1.0000175 | Y23: =IF(W23=0, V23, 0.5*W23*V23/SIN(W23/2)) -> 13 | Z23: =ACOS(MAX(-1,MIN(1, U23/(0.5*Y23*X23) - COS(Z22)))) -> 0.014486233 | AA23: =IF(Z23<0.000001, 0, ACOS(MAX(-1,MIN(1, (S23/(0.5*Y23*X23) - SIN(Z22)*COS(AC22))/SIN(Z23))))) -> 0.96813414 | AB23: =IF(Z23<0.000001, 0, ASIN(MAX(-1,MIN(1, (T23/(0.5*Y23*X23) - SIN(Z22)*SIN(AC22))/SIN(Z23))))) -> 0.96813414 | AC23: =IF(Z23<0.000001, 0, SIGN(AB23)*AA23) -> 0.96813414 | AD23: =AD22+Y23 -> 3150 | AE23: =DEGREES(Z23) -> 0.83 | AF23: =MOD(DEGREES(AC23),360) -> 55.47 | AH23: =ABS(AD23-A23) -> 0 | AI23: =ABS(AE23-B23) -> 3.5549341e-13 | AJ23: =IF(B23=0, 0, ABS(AF23-C23)) -> 1.6683543e-11
A24: 3175 | B24: 0.72 | C24: 56.8 | E24: =RADIANS(B24) -> 0.012566371 | F24: =RADIANS(C24) -> 0.99134702 | H24: =ACOS(MAX(-1,MIN(1, COS(E24-E23)-SIN(E23)*SIN(E24)*(1-COS(F24-F23))))) -> 0.0019452378 | I24: =2*ASIN(SQRT( SIN((E24-E23)/2)^2 + SIN(E23)*SIN(E24)*SIN((F24-F23)/2)^2) ) -> 0.0019452378 | J24: =IF(LEFT(E$6,1)="m", 30*DEGREES(H24)/(A24-A23), 100*DEGREES(H24)/(A24-A23)) -> 0.1337447 | K24: =IF(H24=0, 1, 2*TAN(H24/2)/H24) -> 1.0000003 | L24: =0.5*(A24-A23)*K24 * (SIN(E23)*COS(F23) + SIN(E24)*COS(F24)) -> 0.18864702 | M24: =0.5*(A24-A23)*K24 * (SIN(E23)*SIN(F23) + SIN(E24)*SIN(F24)) -> 0.28060737 | N24: =0.5*(A24-A23)*K24 * (COS(E23) + COS(E24)) -> 24.997709 | O24: =O23+L24 -> 0.24201981 | P24: =P23+M24 -> 0.35817822 | Q24: =Q23+N24 -> 3174.9973 | S24: =O24-O23 -> 0.18864702 | T24: =P24-P23 -> 0.28060737 | U24: =Q24-Q23 -> 24.997709 | V24: =SQRT(S24^2+T24^2+U24^2) -> 24.999996 | W24: =2*ACOS(MAX(-1,MIN(1, (S24*SIN(Z23)*COS(AC23) + T24*SIN(Z23)*SIN(AC23) + U24*COS(Z23))/V24))) -> 0.0019452378 | X24: =IF(W24=0, 1, 2*TAN(W24/2)/W24) -> 1.0000003 | Y24: =IF(W24=0, V24, 0.5*W24*V24/SIN(W24/2)) -> 25 | Z24: =ACOS(MAX(-1,MIN(1, U24/(0.5*Y24*X24) - COS(Z23)))) -> 0.012566371 | AA24: =IF(Z24<0.000001, 0, ACOS(MAX(-1,MIN(1, (S24/(0.5*Y24*X24) - SIN(Z23)*COS(AC23))/SIN(Z24))))) -> 0.99134702 | AB24: =IF(Z24<0.000001, 0, ASIN(MAX(-1,MIN(1, (T24/(0.5*Y24*X24) - SIN(Z23)*SIN(AC23))/SIN(Z24))))) -> 0.99134702 | AC24: =IF(Z24<0.000001, 0, SIGN(AB24)*AA24) -> 0.99134702 | AD24: =AD23+Y24 -> 3175 | AE24: =DEGREES(Z24) -> 0.72 | AF24: =MOD(DEGREES(AC24),360) -> 56.8 | AH24: =ABS(AD24-A24) -> 0 | AI24: =ABS(AE24-B24) -> 1.558198e-12 | AJ24: =IF(B24=0, 0, ABS(AF24-C24)) -> 8.1278984e-11
A25: 3200 | B25: 0.82 | C25: 66.83 | E25: =RADIANS(B25) -> 0.0143117 | F25: =RADIANS(C25) -> 1.1664035 | H25: =ACOS(MAX(-1,MIN(1, COS(E25-E24)-SIN(E24)*SIN(E25)*(1-COS(F25-F24))))) -> 0.0029228639 | I25: =2*ASIN(SQRT( SIN((E25-E24)/2)^2 + SIN(E24)*SIN(E25)*SIN((F25-F24)/2)^2) ) -> 0.0029228639 | J25: =IF(LEFT(E$6,1)="m", 30*DEGREES(H25)/(A25-A24), 100*DEGREES(H25)/(A25-A24)) -> 0.20096132 | K25: =IF(H25=0, 1, 2*TAN(H25/2)/H25) -> 1.0000007 | L25: =0.5*(A25-A24)*K25 * (SIN(E24)*COS(F24) + SIN(E25)*COS(F25)) -> 0.1563951 | M25: =0.5*(A25-A24)*K25 * (SIN(E24)*SIN(F24) + SIN(E25)*SIN(F25)) -> 0.29589651 | N25: =0.5*(A25-A24)*K25 * (COS(E24) + COS(E25)) -> 24.997751 | O25: =O24+L25 -> 0.39841491 | P25: =P24+M25 -> 0.65407473 | Q25: =Q24+N25 -> 3199.995 | S25: =O25-O24 -> 0.1563951 | T25: =P25-P24 -> 0.29589651 | U25: =Q25-Q24 -> 24.997751 | V25: =SQRT(S25^2+T25^2+U25^2) -> 24.999991 | W25: =2*ACOS(MAX(-1,MIN(1, (S25*SIN(Z24)*COS(AC24) + T25*SIN(Z24)*SIN(AC24) + U25*COS(Z24))/V25))) -> 0.0029228639 | X25: =IF(W25=0, 1, 2*TAN(W25/2)/W25) -> 1.0000007 | Y25: =IF(W25=0, V25, 0.5*W25*V25/SIN(W25/2)) -> 25 | Z25: =ACOS(MAX(-1,MIN(1, U25/(0.5*Y25*X25) - COS(Z24)))) -> 0.0143117 | AA25: =IF(Z25<0.000001, 0, ACOS(MAX(-1,MIN(1, (S25/(0.5*Y25*X25) - SIN(Z24)*COS(AC24))/SIN(Z25))))) -> 1.1664035 | AB25: =IF(Z25<0.000001, 0, ASIN(MAX(-1,MIN(1, (T25/(0.5*Y25*X25) - SIN(Z24)*SIN(AC24))/SIN(Z25))))) -> 1.1664035 | AC25: =IF(Z25<0.000001, 0, SIGN(AB25)*AA25) -> 1.1664035 | AD25: =AD24+Y25 -> 3200 | AE25: =DEGREES(Z25) -> 0.82 | AF25: =MOD(DEGREES(AC25),360) -> 66.83 | AH25: =ABS(AD25-A25) -> 0 | AI25: =ABS(AE25-B25) -> 1.0941248e-12 | AJ25: =IF(B25=0, 0, ABS(AF25-C25)) -> 3.3097081e-11
A26: 3225 | B26: 0.87 | C26: 68.67 | E26: =RADIANS(B26) -> 0.015184364 | F26: =RADIANS(C26) -> 1.1985176 | H26: =ACOS(MAX(-1,MIN(1, COS(E26-E25)-SIN(E25)*SIN(E26)*(1-COS(F26-F25))))) -> 0.0009927874 | I26: =2*ASIN(SQRT( SIN((E26-E25)/2)^2 + SIN(E25)*SIN(E26)*SIN((F26-F25)/2)^2) ) -> 0.0009927874 | J26: =IF(LEFT(E$6,1)="m", 30*DEGREES(H26)/(A26-A25), 100*DEGREES(H26)/(A26-A25)) -> 0.068259034 | K26: =IF(H26=0, 1, 2*TAN(H26/2)/H26) -> 1.0000001 | L26: =0.5*(A26-A25)*K26 * (SIN(E25)*COS(F25) + SIN(E26)*COS(F26)) -> 0.1394229 | M26: =0.5*(A26-A25)*K26 * (SIN(E25)*SIN(F25) + SIN(E26)*SIN(F26)) -> 0.34125748 | N26: =0.5*(A26-A25)*K26 * (COS(E25) + COS(E26)) -> 24.997281 | O26: =O25+L26 -> 0.53783781 | P26: =P25+M26 -> 0.99533221 | Q26: =Q25+N26 -> 3224.9923 | S26: =O26-O25 -> 0.1394229 | T26: =P26-P25 -> 0.34125748 | U26: =Q26-Q25 -> 24.997281 | V26: =SQRT(S26^2+T26^2+U26^2) -> 24.999999 | W26: =2*ACOS(MAX(-1,MIN(1, (S26*SIN(Z25)*COS(AC25) + T26*SIN(Z25)*SIN(AC25) + U26*COS(Z25))/V26))) -> 0.0009927874 | X26: =IF(W26=0, 1, 2*TAN(W26/2)/W26) -> 1.0000001 | Y26: =IF(W26=0, V26, 0.5*W26*V26/SIN(W26/2)) -> 25 | Z26: =ACOS(MAX(-1,MIN(1, U26/(0.5*Y26*X26) - COS(Z25)))) -> 0.015184364 | AA26: =IF(Z26<0.000001, 0, ACOS(MAX(-1,MIN(1, (S26/(0.5*Y26*X26) - SIN(Z25)*COS(AC25))/SIN(Z26))))) -> 1.1985176 | AB26: =IF(Z26<0.000001, 0, ASIN(MAX(-1,MIN(1, (T26/(0.5*Y26*X26) - SIN(Z25)*SIN(AC25))/SIN(Z26))))) -> 1.1985176 | AC26: =IF(Z26<0.000001, 0, SIGN(AB26)*AA26) -> 1.1985176 | AD26: =AD25+Y26 -> 3225 | AE26: =DEGREES(Z26) -> 0.87 | AF26: =MOD(DEGREES(AC26),360) -> 68.67 | AH26: =ABS(AD26-A26) -> 0 | AI26: =ABS(AE26-B26) -> 4.589551e-12 | AJ26: =IF(B26=0, 0, ABS(AF26-C26)) -> 1.1806378e-10
A27: 3250 | B27: 0.87 | C27: 70.62 | E27: =RADIANS(B27) -> 0.015184364 | F27: =RADIANS(C27) -> 1.2325515 | H27: =ACOS(MAX(-1,MIN(1, COS(E27-E26)-SIN(E26)*SIN(E27)*(1-COS(F27-F26))))) -> 0.00051673866 | I27: =2*ASIN(SQRT( SIN((E27-E26)/2)^2 + SIN(E26)*SIN(E27)*SIN((F27-F26)/2)^2) ) -> 0.00051673866 | J27: =IF(LEFT(E$6,1)="m", 30*DEGREES(H27)/(A27-A26), 100*DEGREES(H27)/(A27-A26)) -> 0.035528333 | K27: =IF(H27=0, 1, 2*TAN(H27/2)/H27) -> 1 | L27: =0.5*(A27-A26)*K27 * (SIN(E26)*COS(F26) + SIN(E27)*COS(F27)) -> 0.13201745 | M27: =0.5*(A27-A26)*K27 * (SIN(E26)*SIN(F26) + SIN(E27)*SIN(F27)) -> 0.3558394 | N27: =0.5*(A27-A26)*K27 * (COS(E26) + COS(E27)) -> 24.997119 | O27: =O26+L27 -> 0.66985526 | P27: =P26+M27 -> 1.3511716 | Q27: =Q26+N27 -> 3249.9894 | S27: =O27-O26 -> 0.13201745 | T27: =P27-P26 -> 0.3558394 | U27: =Q27-Q26 -> 24.997119 | V27: =SQRT(S27^2+T27^2+U27^2) -> 25 | W27: =2*ACOS(MAX(-1,MIN(1, (S27*SIN(Z26)*COS(AC26) + T27*SIN(Z26)*SIN(AC26) + U27*COS(Z26))/V27))) -> 0.00051673866 | X27: =IF(W27=0, 1, 2*TAN(W27/2)/W27) -> 1 | Y27: =IF(W27=0, V27, 0.5*W27*V27/SIN(W27/2)) -> 25 | Z27: =ACOS(MAX(-1,MIN(1, U27/(0.5*Y27*X27) - COS(Z26)))) -> 0.015184364 | AA27: =IF(Z27<0.000001, 0, ACOS(MAX(-1,MIN(1, (S27/(0.5*Y27*X27) - SIN(Z26)*COS(AC26))/SIN(Z27))))) -> 1.2325515 | AB27: =IF(Z27<0.000001, 0, ASIN(MAX(-1,MIN(1, (T27/(0.5*Y27*X27) - SIN(Z26)*SIN(AC26))/SIN(Z27))))) -> 1.2325515 | AC27: =IF(Z27<0.000001, 0, SIGN(AB27)*AA27) -> 1.2325515 | AD27: =AD26+Y27 -> 3250 | AE27: =DEGREES(Z27) -> 0.87 | AF27: =MOD(DEGREES(AC27),360) -> 70.62 | AH27: =ABS(AD27-A27) -> 0 | AI27: =ABS(AE27-B27) -> 3.7944092e-12 | AJ27: =IF(B27=0, 0, ABS(AF27-C27)) -> 8.7581498e-11
A28: 3275 | B28: 0.83 | C28: 70.15 | E28: =RADIANS(B28) -> 0.014486233 | F28: =RADIANS(C28) -> 1.2243485 | H28: =ACOS(MAX(-1,MIN(1, COS(E28-E27)-SIN(E27)*SIN(E28)*(1-COS(F28-F27))))) -> 0.00070865231 | I28: =2*ASIN(SQRT( SIN((E28-E27)/2)^2 + SIN(E27)*SIN(E28)*SIN((F28-F27)/2)^2) ) -> 0.00070865231 | J28: =IF(LEFT(E$6,1)="m", 30*DEGREES(H28)/(A28-A27), 100*DEGREES(H28)/(A28-A27)) -> 0.048723344 | K28: =IF(H28=0, 1, 2*TAN(H28/2)/H28) -> 1 | L28: =0.5*(A28-A27)*K28 * (SIN(E27)*COS(F27) + SIN(E28)*COS(F28)) -> 0.12446524 | M28: =0.5*(A28-A27)*K28 * (SIN(E27)*SIN(F27) + SIN(E28)*SIN(F28)) -> 0.34935626 | N28: =0.5*(A28-A27)*K28 * (COS(E27) + COS(E28)) -> 24.997248 | O28: =O27+L28 -> 0.79432051 | P28: =P27+M28 -> 1.7005279 | Q28: =Q27+N28 -> 3274.9867 | S28: =O28-O27 -> 0.12446524 | T28: =P28-P27 -> 0.34935626 | U28: =Q28-Q27 -> 24.997248 | V28: =SQRT(S28^2+T28^2+U28^2) -> 24.999999 | W28: =2*ACOS(MAX(-1,MIN(1, (S28*SIN(Z27)*COS(AC27) + T28*SIN(Z27)*SIN(AC27) + U28*COS(Z27))/V28))) -> 0.00070865231 | X28: =IF(W28=0, 1, 2*TAN(W28/2)/W28) -> 1 | Y28: =IF(W28=0, V28, 0.5*W28*V28/SIN(W28/2)) -> 25 | Z28: =ACOS(MAX(-1,MIN(1, U28/(0.5*Y28*X28) - COS(Z27)))) -> 0.014486233 | AA28: =IF(Z28<0.000001, 0, ACOS(MAX(-1,MIN(1, (S28/(0.5*Y28*X28) - SIN(Z27)*COS(AC27))/SIN(Z28))))) -> 1.2243485 | AB28: =IF(Z28<0.000001, 0, ASIN(MAX(-1,MIN(1, (T28/(0.5*Y28*X28) - SIN(Z27)*SIN(AC27))/SIN(Z28))))) -> 1.2243485 | AC28: =IF(Z28<0.000001, 0, SIGN(AB28)*AA28) -> 1.2243485 | AD28: =AD27+Y28 -> 3275 | AE28: =DEGREES(Z28) -> 0.83 | AF28: =MOD(DEGREES(AC28),360) -> 70.15 | AH28: =ABS(AD28-A28) -> 0 | AI28: =ABS(AE28-B28) -> 2.9890534e-12 | AJ28: =IF(B28=0, 0, ABS(AF28-C28)) -> 7.3924866e-11
A29: 3300 | B29: 0.78 | C29: 65.7 | E29: =RADIANS(B29) -> 0.013613568 | F29: =RADIANS(C29) -> 1.1466813 | H29: =ACOS(MAX(-1,MIN(1, COS(E29-E28)-SIN(E28)*SIN(E29)*(1-COS(F29-F28))))) -> 0.0013965926 | I29: =2*ASIN(SQRT( SIN((E29-E28)/2)^2 + SIN(E28)*SIN(E29)*SIN((F29-F28)/2)^2) ) -> 0.0013965926 | J29: =IF(LEFT(E$6,1)="m", 30*DEGREES(H29)/(A29-A28), 100*DEGREES(H29)/(A29-A28)) -> 0.096022637 | K29: =IF(H29=0, 1, 2*TAN(H29/2)/H29) -> 1.0000002 | L29: =0.5*(A29-A28)*K29 * (SIN(E28)*COS(F28) + SIN(E29)*COS(F29)) -> 0.13150955 | M29: =0.5*(A29-A28)*K29 * (SIN(E28)*SIN(F28) + SIN(E29)*SIN(F29)) -> 0.32540157 | N29: =0.5*(A29-A28)*K29 * (COS(E28) + COS(E29)) -> 24.997534 | O29: =O28+L29 -> 0.92583006 | P29: =P28+M29 -> 2.0259294 | Q29: =Q28+N29 -> 3299.9842 | S29: =O29-O28 -> 0.13150955 | T29: =P29-P28 -> 0.32540157 | U29: =Q29-Q28 -> 24.997534 | V29: =SQRT(S29^2+T29^2+U29^2) -> 24.999998 | W29: =2*ACOS(MAX(-1,MIN(1, (S29*SIN(Z28)*COS(AC28) + T29*SIN(Z28)*SIN(AC28) + U29*COS(Z28))/V29))) -> 0.0013965926 | X29: =IF(W29=0, 1, 2*TAN(W29/2)/W29) -> 1.0000002 | Y29: =IF(W29=0, V29, 0.5*W29*V29/SIN(W29/2)) -> 25 | Z29: =ACOS(MAX(-1,MIN(1, U29/(0.5*Y29*X29) - COS(Z28)))) -> 0.013613568 | AA29: =IF(Z29<0.000001, 0, ACOS(MAX(-1,MIN(1, (S29/(0.5*Y29*X29) - SIN(Z28)*COS(AC28))/SIN(Z29))))) -> 1.1466813 | AB29: =IF(Z29<0.000001, 0, ASIN(MAX(-1,MIN(1, (T29/(0.5*Y29*X29) - SIN(Z28)*SIN(AC28))/SIN(Z29))))) -> 1.1466813 | AC29: =IF(Z29<0.000001, 0, SIGN(AB29)*AA29) -> 1.1466813 | AD29: =AD28+Y29 -> 3300 | AE29: =DEGREES(Z29) -> 0.78 | AF29: =MOD(DEGREES(AC29),360) -> 65.7 | AH29: =ABS(AD29-A29) -> 4.5474735e-13 | AI29: =ABS(AE29-B29) -> 6.3588024e-12 | AJ29: =IF(B29=0, 0, ABS(AF29-C29)) -> 2.1070434e-10
A30: 3325 | B30: 0.58 | C30: 60.97 | E30: =RADIANS(B30) -> 0.01012291 | F30: =RADIANS(C30) -> 1.0641272 | H30: =ACOS(MAX(-1,MIN(1, COS(E30-E29)-SIN(E29)*SIN(E30)*(1-COS(F30-F29))))) -> 0.0036226113 | I30: =2*ASIN(SQRT( SIN((E30-E29)/2)^2 + SIN(E29)*SIN(E30)*SIN((F30-F29)/2)^2) ) -> 0.0036226113 | J30: =IF(LEFT(E$6,1)="m", 30*DEGREES(H30)/(A30-A29), 100*DEGREES(H30)/(A30-A29)) -> 0.2490724 | K30: =IF(H30=0, 1, 2*TAN(H30/2)/H30) -> 1.0000011 | L30: =0.5*(A30-A29)*K30 * (SIN(E29)*COS(F29) + SIN(E30)*COS(F30)) -> 0.13142816 | M30: =0.5*(A30-A29)*K30 * (SIN(E29)*SIN(F29) + SIN(E30)*SIN(F30)) -> 0.26572581 | N30: =0.5*(A30-A29)*K30 * (COS(E29) + COS(E30)) -> 24.998229 | O30: =O29+L30 -> 1.0572582 | P30: =P29+M30 -> 2.2916553 | Q30: =Q29+N30 -> 3324.9824 | S30: =O30-O29 -> 0.13142816 | T30: =P30-P29 -> 0.26572581 | U30: =Q30-Q29 -> 24.998229 | V30: =SQRT(S30^2+T30^2+U30^2) -> 24.999986 | W30: =2*ACOS(MAX(-1,MIN(1, (S30*SIN(Z29)*COS(AC29) + T30*SIN(Z29)*SIN(AC29) + U30*COS(Z29))/V30))) -> 0.0036226113 | X30: =IF(W30=0, 1, 2*TAN(W30/2)/W30) -> 1.0000011 | Y30: =IF(W30=0, V30, 0.5*W30*V30/SIN(W30/2)) -> 25 | Z30: =ACOS(MAX(-1,MIN(1, U30/(0.5*Y30*X30) - COS(Z29)))) -> 0.01012291 | AA30: =IF(Z30<0.000001, 0, ACOS(MAX(-1,MIN(1, (S30/(0.5*Y30*X30) - SIN(Z29)*COS(AC29))/SIN(Z30))))) -> 1.0641272 | AB30: =IF(Z30<0.000001, 0, ASIN(MAX(-1,MIN(1, (T30/(0.5*Y30*X30) - SIN(Z29)*SIN(AC29))/SIN(Z30))))) -> 1.0641272 | AC30: =IF(Z30<0.000001, 0, SIGN(AB30)*AA30) -> 1.0641272 | AD30: =AD29+Y30 -> 3325 | AE30: =DEGREES(Z30) -> 0.58 | AF30: =MOD(DEGREES(AC30),360) -> 60.97 | AH30: =ABS(AD30-A30) -> 4.5474735e-13 | AI30: =ABS(AE30-B30) -> 4.5821125e-12 | AJ30: =IF(B30=0, 0, ABS(AF30-C30)) -> 2.5113422e-10
A31: 3350 | B31: 0.52 | C31: 66.2 | E31: =RADIANS(B31) -> 0.0090757121 | F31: =RADIANS(C31) -> 1.155408 | H31: =ACOS(MAX(-1,MIN(1, COS(E31-E30)-SIN(E30)*SIN(E31)*(1-COS(F31-F30))))) -> 0.0013643922 | I31: =2*ASIN(SQRT( SIN((E31-E30)/2)^2 + SIN(E30)*SIN(E31)*SIN((F31-F30)/2)^2) ) -> 0.0013643922 | J31: =IF(LEFT(E$6,1)="m", 30*DEGREES(H31)/(A31-A30), 100*DEGREES(H31)/(A31-A30)) -> 0.0938087 | K31: =IF(H31=0, 1, 2*TAN(H31/2)/H31) -> 1.0000002 | L31: =0.5*(A31-A30)*K31 * (SIN(E30)*COS(F30) + SIN(E31)*COS(F31)) -> 0.10718309 | M31: =0.5*(A31-A30)*K31 * (SIN(E30)*SIN(F30) + SIN(E31)*SIN(F31)) -> 0.21443467 | N31: =0.5*(A31-A30)*K31 * (COS(E30) + COS(E31)) -> 24.998849 | O31: =O30+L31 -> 1.1644413 | P31: =P30+M31 -> 2.5060899 | Q31: =Q30+N31 -> 3349.9813 | S31: =O31-O30 -> 0.10718309 | T31: =P31-P30 -> 0.21443467 | U31: =Q31-Q30 -> 24.998849 | V31: =SQRT(S31^2+T31^2+U31^2) -> 24.999998 | W31: =2*ACOS(MAX(-1,MIN(1, (S31*SIN(Z30)*COS(AC30) + T31*SIN(Z30)*SIN(AC30) + U31*COS(Z30))/V31))) -> 0.0013643922 | X31: =IF(W31=0, 1, 2*TAN(W31/2)/W31) -> 1.0000002 | Y31: =IF(W31=0, V31, 0.5*W31*V31/SIN(W31/2)) -> 25 | Z31: =ACOS(MAX(-1,MIN(1, U31/(0.5*Y31*X31) - COS(Z30)))) -> 0.0090757121 | AA31: =IF(Z31<0.000001, 0, ACOS(MAX(-1,MIN(1, (S31/(0.5*Y31*X31) - SIN(Z30)*COS(AC30))/SIN(Z31))))) -> 1.155408 | AB31: =IF(Z31<0.000001, 0, ASIN(MAX(-1,MIN(1, (T31/(0.5*Y31*X31) - SIN(Z30)*SIN(AC30))/SIN(Z31))))) -> 1.155408 | AC31: =IF(Z31<0.000001, 0, SIGN(AB31)*AA31) -> 1.155408 | AD31: =AD30+Y31 -> 3350 | AE31: =DEGREES(Z31) -> 0.52 | AF31: =MOD(DEGREES(AC31),360) -> 66.2 | AH31: =ABS(AD31-A31) -> 4.5474735e-13 | AI31: =ABS(AE31-B31) -> 1.1773915e-12 | AJ31: =IF(B31=0, 0, ABS(AF31-C31)) -> 5.7553962e-11
A32: 3375 | B32: 0.42 | C32: 67.5 | E32: =RADIANS(B32) -> 0.0073303829 | F32: =RADIANS(C32) -> 1.1780972 | H32: =ACOS(MAX(-1,MIN(1, COS(E32-E31)-SIN(E31)*SIN(E32)*(1-COS(F32-F31))))) -> 0.0017551128 | I32: =2*ASIN(SQRT( SIN((E32-E31)/2)^2 + SIN(E31)*SIN(E32)*SIN((F32-F31)/2)^2) ) -> 0.0017551128 | J32: =IF(LEFT(E$6,1)="m", 30*DEGREES(H32)/(A32-A31), 100*DEGREES(H32)/(A32-A31)) -> 0.12067267 | K32: =IF(H32=0, 1, 2*TAN(H32/2)/H32) -> 1.0000003 | L32: =0.5*(A32-A31)*K32 * (SIN(E31)*COS(F31) + SIN(E32)*COS(F32)) -> 0.080845041 | M32: =0.5*(A32-A31)*K32 * (SIN(E31)*SIN(F31) + SIN(E32)*SIN(F32)) -> 0.18845163 | N32: =0.5*(A32-A31)*K32 * (COS(E31) + COS(E32)) -> 24.999156 | O32: =O31+L32 -> 1.2452863 | P32: =P31+M32 -> 2.6945416 | Q32: =Q31+N32 -> 3374.9804 | S32: =O32-O31 -> 0.080845041 | T32: =P32-P31 -> 0.18845163 | U32: =Q32-Q31 -> 24.999156 | V32: =SQRT(S32^2+T32^2+U32^2) -> 24.999997 | W32: =2*ACOS(MAX(-1,MIN(1, (S32*SIN(Z31)*COS(AC31) + T32*SIN(Z31)*SIN(AC31) + U32*COS(Z31))/V32))) -> 0.0017551128 | X32: =IF(W32=0, 1, 2*TAN(W32/2)/W32) -> 1.0000003 | Y32: =IF(W32=0, V32, 0.5*W32*V32/SIN(W32/2)) -> 25 | Z32: =ACOS(MAX(-1,MIN(1, U32/(0.5*Y32*X32) - COS(Z31)))) -> 0.0073303829 | AA32: =IF(Z32<0.000001, 0, ACOS(MAX(-1,MIN(1, (S32/(0.5*Y32*X32) - SIN(Z31)*COS(AC31))/SIN(Z32))))) -> 1.1780972 | AB32: =IF(Z32<0.000001, 0, ASIN(MAX(-1,MIN(1, (T32/(0.5*Y32*X32) - SIN(Z31)*SIN(AC31))/SIN(Z32))))) -> 1.1780972 | AC32: =IF(Z32<0.000001, 0, SIGN(AB32)*AA32) -> 1.1780972 | AD32: =AD31+Y32 -> 3375 | AE32: =DEGREES(Z32) -> 0.42 | AF32: =MOD(DEGREES(AC32),360) -> 67.5 | AH32: =ABS(AD32-A32) -> 4.5474735e-13 | AI32: =ABS(AE32-B32) -> 2.1748159e-12 | AJ32: =IF(B32=0, 0, ABS(AF32-C32)) -> 1.229381e-10
A33: 3400 | B33: 0.32 | C33: 75.18 | E33: =RADIANS(B33) -> 0.0055850536 | F33: =RADIANS(C33) -> 1.3121385 | H33: =ACOS(MAX(-1,MIN(1, COS(E33-E32)-SIN(E32)*SIN(E33)*(1-COS(F33-F32))))) -> 0.0019443883 | I33: =2*ASIN(SQRT( SIN((E33-E32)/2)^2 + SIN(E32)*SIN(E33)*SIN((F33-F32)/2)^2) ) -> 0.0019443883 | J33: =IF(LEFT(E$6,1)="m", 30*DEGREES(H33)/(A33-A32), 100*DEGREES(H33)/(A33-A32)) -> 0.13368629 | K33: =IF(H33=0, 1, 2*TAN(H33/2)/H33) -> 1.0000003 | L33: =0.5*(A33-A32)*K33 * (SIN(E32)*COS(F32) + SIN(E33)*COS(F33)) -> 0.052921849 | M33: =0.5*(A33-A32)*K33 * (SIN(E32)*SIN(F32) + SIN(E33)*SIN(F33)) -> 0.1521446 | N33: =0.5*(A33-A32)*K33 * (COS(E32) + COS(E33)) -> 24.999477 | O33: =O32+L33 -> 1.2982082 | P33: =P32+M33 -> 2.8466861 | Q33: =Q32+N33 -> 3399.9799 | S33: =O33-O32 -> 0.052921849 | T33: =P33-P32 -> 0.1521446 | U33: =Q33-Q32 -> 24.999477 | V33: =SQRT(S33^2+T33^2+U33^2) -> 24.999996 | W33: =2*ACOS(MAX(-1,MIN(1, (S33*SIN(Z32)*COS(AC32) + T33*SIN(Z32)*SIN(AC32) + U33*COS(Z32))/V33))) -> 0.0019443883 | X33: =IF(W33=0, 1, 2*TAN(W33/2)/W33) -> 1.0000003 | Y33: =IF(W33=0, V33, 0.5*W33*V33/SIN(W33/2)) -> 25 | Z33: =ACOS(MAX(-1,MIN(1, U33/(0.5*Y33*X33) - COS(Z32)))) -> 0.0055850536 | AA33: =IF(Z33<0.000001, 0, ACOS(MAX(-1,MIN(1, (S33/(0.5*Y33*X33) - SIN(Z32)*COS(AC32))/SIN(Z33))))) -> 1.3121385 | AB33: =IF(Z33<0.000001, 0, ASIN(MAX(-1,MIN(1, (T33/(0.5*Y33*X33) - SIN(Z32)*SIN(AC32))/SIN(Z33))))) -> 1.3121385 | AC33: =IF(Z33<0.000001, 0, SIGN(AB33)*AA33) -> 1.3121385 | AD33: =AD32+Y33 -> 3400 | AE33: =DEGREES(Z33) -> 0.32 | AF33: =MOD(DEGREES(AC33),360) -> 75.18 | AH33: =ABS(AD33-A33) -> 9.094947e-13 | AI33: =ABS(AE33-B33) -> 2.7297609e-12 | AJ33: =IF(B33=0, 0, ABS(AF33-C33)) -> 1.2978774e-10
... A233: 18587 | B233: 58.84 | C233: 63.02 | E233: =RADIANS(B233) -> 1.0269517 | F233: =RADIANS(C233) -> 1.0999065 | H233: =ACOS(MAX(-1,MIN(1, COS(E233-E232)-SIN(E232)*SIN(E233)*(1-COS(F233-F232))))) -> 0 | I233: =2*ASIN(SQRT( SIN((E233-E232)/2)^2 + SIN(E232)*SIN(E233)*SIN((F233-F232)/2)^2) ) -> 0 | J233: =IF(LEFT(E$6,1)="m", 30*DEGREES(H233)/(A233-A232), 100*DEGREES(H233)/(A233-A232)) -> 0 | K233: =IF(H233=0, 1, 2*TAN(H233/2)/H233) -> 1 | L233: =0.5*(A233-A232)*K233 * (SIN(E232)*COS(F232) + SIN(E233)*COS(F233)) -> 16.305457 | M233: =0.5*(A233-A232)*K233 * (SIN(E232)*SIN(F232) + SIN(E233)*SIN(F233)) -> 32.028895 | N233: =0.5*(A233-A232)*K233 * (COS(E232) + COS(E233)) -> 21.732049 | O233: =O232+L233 -> -7254.4151 | P233: =P232+M233 -> 2197.3371 | Q233: =Q232+N233 -> 12677.18 | S233: =O233-O232 -> 16.305457 | T233: =P233-P232 -> 32.028895 | U233: =Q233-Q232 -> 21.732049 | V233: =SQRT(S233^2+T233^2+U233^2) -> 42 | W233: =2*ACOS(MAX(-1,MIN(1, (S233*SIN(Z232)*COS(AC232) + T233*SIN(Z232)*SIN(AC232) + U233*COS(Z232))/V233))) -> 0 | X233: =IF(W233=0, 1, 2*TAN(W233/2)/W233) -> 1 | Y233: =IF(W233=0, V233, 0.5*W233*V233/SIN(W233/2)) -> 42 | Z233: =ACOS(MAX(-1,MIN(1, U233/(0.5*Y233*X233) - COS(Z232)))) -> 1.0269517 | AA233: =IF(Z233<0.000001, 0, ACOS(MAX(-1,MIN(1, (S233/(0.5*Y233*X233) - SIN(Z232)*COS(AC232))/SIN(Z233))))) -> 1.0999065 | AB233: =IF(Z233<0.000001, 0, ASIN(MAX(-1,MIN(1, (T233/(0.5*Y233*X233) - SIN(Z232)*SIN(AC232))/SIN(Z233))))) -> 1.0999065 | AC233: =IF(Z233<0.000001, 0, SIGN(AB233)*AA233) -> 1.0999065 | AD233: =AD232+Y233 -> 18587 | AE233: =DEGREES(Z233) -> 58.84 | AF233: =MOD(DEGREES(AC233),360) -> 63.02 | AH233: =ABS(AD233-A233) -> 7.2759576e-12 | AI233: =ABS(AE233-B233) -> 1.6306956e-11 | AJ233: =IF(B233=0, 0, ABS(AF233-C233)) -> 8.3915097e-12

Sheet GNL
A1: Wellbore Local to Geodetic Coordinates: Grid North Local method. Assumes input (n,e,d) are aligned with Grid North. | L1: Yellow are input fields (output from min. curvature with grid north azimuths)
A2: Accompanies the document "SDU_wellbore_trajectory_calculations" | L2: Red column headers indicate final output
A3: Bert Kampes, 2019-08-24
A5: Well | H5: Wellbore
B6: Well name | E6: A008 | I6: Wellbore name | L6: A008 ST01BP01
B7: UWI | E7: 6081740479 | I7: UWBI | L7: 608174047904
A9: Observation references
B10: MD unit | E10: ft | F10: 0.3048 | H10: i.e., the local coordinates (n,e,d) are in ft
B11: AZ reference | E11: Grid North | H11: i.e., the local coordinates (n,e) aligned with Grid North of the projected CRS
A13: VertCRS | E13: MSL height (ftUS)
B14: Vertical CRS unit | E14: ftUS | F14: =1200/3937 -> 0.30480061 | H14: Conversion factor to meters
B15: Ground Level elevation | E15: 0 | F15: =E14 -> ftUS
B16: ZDP_offset_from_ground_level | E16: 192 | F16: =E14 -> ftUS
B17: ZDP_height | E17: =E15+E16 -> 192 | F17: =E14 -> ftUS
A19: ProjCRS | E19: NAD27 / BLM 16N (ftUS) [EPSG::32066]
B20: Projected CRS unit | E20: ftUS | F20: =1200/3937 -> 0.30480061 | H20: Conversion factor to meters
B21: WRP_Northing | E21: 10229028 | F21: =E20 -> ftUS
B22: WRP_Easting | E22: 924348.57 | F22: =E20 -> ftUS
B23: Grid convergence at WRP | E23: -1.05 | F23: deg | H23: This should not used. In case the AZ would be referenced to TN then the inputs to the minimum curvature algorith would be re-referenced to GN before applying min. curvature. However, it is possible to rereference the (n,e) using a 2D rotation matrix.
B24: Point scale factor at WRP | E24: 1.000188 | F24: [unitless] | H24: Optionally used to scale the local coordinates in the GNL algorithm if psf_flag=1. Assumed is that the same scale factor in N and E applies (i.e., that a conformal map projection is used)
A26: Wellbore local to geodetic method | E26: GNL (EPSG code 1077)
B27: psf_flag | E27: 1 | H27: 0: do not apply point scale factor; 1: apply constant.
B28: dcf_flag | E28: 0 | H28: 0: do not apply depth correction factor;
AG30: fwd<>bck
D31: Local coordinates (input n,e,d) | L31: GNL method (input: "Grid" n,e,d, psf_flag; output N,E,D) | T31: diff | V31: INVERSE GNL (input N,E,D, psf_flag, units of (N,E), D, and (n,e,d); output n,e,d) | AG31: error analysis
A32: (copy of input survey in 1 table) | D32: (oriented "grid north") | H32: (local coordinates in output units) | L32: (psf_flag=0 : no scaling applied) | P32: (psf_flag=1 : constant scaling applied) | V32: (psf_flag=0 : no scaling applied) | Z32: (psf_flag=1 : constant scaling applied) | AG32: =MAX(AG34:AG150) -> 9.2672469e-10
A33: =CONCATENATE("MD [",$E10,"]") -> MD [ft] | B33: INC [deg] | C33: AZ [deg] | D33: =CONCATENATE("n [",$E10,"]") -> n [ft] | E33: =CONCATENATE("e [",$E10,"]") -> e [ft] | F33: =CONCATENATE("d [",$E10,"]") -> d [ft] | H33: =CONCATENATE("n [",$E20,"]") -> n [ftUS] | I33: =CONCATENATE("e [",$E20,"]") -> e [ftUS] | J33: =CONCATENATE("d [",$E14,"]") -> d [ftUS] | L33: =CONCATENATE("N [",$E20,"]") -> N [ftUS] | M33: =CONCATENATE("E [",$E20,"]") -> E [ftUS] | N33: =CONCATENATE("D [",$E14,"]") -> D [ftUS] | P33: =CONCATENATE("N [",$E20,"]") -> N [ftUS] | Q33: =CONCATENATE("E [",$E20,"]") -> E [ftUS] | R33: =CONCATENATE("D [",$E14,"]") -> D [ftUS] | T33: =CONCATENATE("r [",$E20,"]") -> r [ftUS] | V33: =CONCATENATE("n [",$E20,"]") -> n [ftUS] | W33: =CONCATENATE("e [",$E20,"]") -> e [ftUS] | X33: =CONCATENATE("d [",$E14,"]") -> d [ftUS] | Z33: =CONCATENATE("n [",$E20,"]") -> n [ftUS] | AA33: =CONCATENATE("e [",$E20,"]") -> e [ftUS] | AB33: =CONCATENATE("d [",$E14,"]") -> d [ftUS] | AC33: =CONCATENATE("n [",$E10,"]") -> n [ft] | AD33: =CONCATENATE("e [",$E10,"]") -> e [ft] | AE33: =CONCATENATE("d [",$E10,"]") -> d [ft] | AG33: error
A34: 0 | B34: 0 | C34: 0 | D34: 0 | E34: 0 | F34: 0 | H34: =D34*F$10/F$20 -> 0 | I34: =E34*F$10/F$20 -> 0 | J34: =F34*F$10/F$14 -> 0 | L34: =E$21 + H34 -> 10229028 | M34: =E$22 + I34 -> 924348.57 | N34: =J34 - E$17 -> -192 | P34: =E$21 + E$24*H34 -> 10229028 | Q34: =E$22 + E$24*I34 -> 924348.57 | R34: =N34 - H$17 -> -192 | T34: =SQRT(SUMSQ(P34-L34,Q34-M34)) -> 0 | V34: =L34 - E$21 -> 0 | W34: =M34 - E$22 -> 0 | X34: =N34 + E$17 -> 0 | Z34: =(P34 - E$21) / E$24 -> 0 | AA34: =(Q34 - E$22) / E$24 -> 0 | AB34: =R34 + E$17 -> 0 | AC34: =Z34*F$20/F$10 -> 0 | AD34: =AA34*F$20/F$10 -> 0 | AE34: =AB34*F$14/F$10 -> 0 | AG34: =SQRT(SUMSQ(AC34-D34,AD34-E34,AE34-F34)) -> 0
A35: 30 | B35: 0.8 | C35: 87 | D35: 0 | E35: 0 | F35: 3137 | H35: =D35*F$10/F$20 -> 0 | I35: =E35*F$10/F$20 -> 0 | J35: =F35*F$10/F$14 -> 3136.9937 | L35: =E$21 + H35 -> 10229028 | M35: =E$22 + I35 -> 924348.57 | N35: =J35 - E$17 -> 2944.9937 | P35: =E$21 + E$24*H35 -> 10229028 | Q35: =E$22 + E$24*I35 -> 924348.57 | R35: =N35 - H$17 -> 2944.9937 | T35: =SQRT(SUMSQ(P35-L35,Q35-M35)) -> 0 | V35: =L35 - E$21 -> 0 | W35: =M35 - E$22 -> 0 | X35: =N35 + E$17 -> 3136.9937 | Z35: =(P35 - E$21) / E$24 -> 0 | AA35: =(Q35 - E$22) / E$24 -> 0 | AB35: =R35 + E$17 -> 3136.9937 | AC35: =Z35*F$20/F$10 -> 0 | AD35: =AA35*F$20/F$10 -> 0 | AE35: =AB35*F$14/F$10 -> 3137 | AG35: =SQRT(SUMSQ(AC35-D35,AD35-E35,AE35-F35)) -> 0
A36: 60 | B36: 0.9 | C36: 110 | D36: 0.053372793 | E36: 0.077570852 | F36: 3149.9995 | H36: =D36*F$10/F$20 -> 0.053372686 | I36: =E36*F$10/F$20 -> 0.077570697 | J36: =F36*F$10/F$14 -> 3149.9932 | L36: =E$21 + H36 -> 10229028 | M36: =E$22 + I36 -> 924348.65 | N36: =J36 - E$17 -> 2957.9932 | P36: =E$21 + E$24*H36 -> 10229028 | Q36: =E$22 + E$24*I36 -> 924348.65 | R36: =N36 - H$17 -> 2957.9932 | T36: =SQRT(SUMSQ(P36-L36,Q36-M36)) -> 1.7701784e-05 | V36: =L36 - E$21 -> 0.053372687 | W36: =M36 - E$22 -> 0.077570697 | X36: =N36 + E$17 -> 3149.9932 | Z36: =(P36 - E$21) / E$24 -> 0.053372687 | AA36: =(Q36 - E$22) / E$24 -> 0.077570697 | AB36: =R36 + E$17 -> 3149.9932 | AC36: =Z36*F$20/F$10 -> 0.053372793 | AD36: =AA36*F$20/F$10 -> 0.077570852 | AE36: =AB36*F$14/F$10 -> 3149.9995 | AG36: =SQRT(SUMSQ(AC36-D36,AD36-E36,AE36-F36)) -> 9.0383261e-10
A37: 90 | B37: 0.6 | C37: 185 | D37: 0.24201981 | E37: 0.35817822 | F37: 3174.9973 | H37: =D37*F$10/F$20 -> 0.24201933 | I37: =E37*F$10/F$20 -> 0.3581775 | J37: =F37*F$10/F$14 -> 3174.9909 | L37: =E$21 + H37 -> 10229029 | M37: =E$22 + I37 -> 924348.93 | N37: =J37 - E$17 -> 2982.9909 | P37: =E$21 + E$24*H37 -> 10229029 | Q37: =E$22 + E$24*I37 -> 924348.93 | R37: =N37 - H$17 -> 2982.9909 | T37: =SQRT(SUMSQ(P37-L37,Q37-M37)) -> 8.1267899e-05 | V37: =L37 - E$21 -> 0.24201933 | W37: =M37 - E$22 -> 0.3581775 | X37: =N37 + E$17 -> 3174.9909 | Z37: =(P37 - E$21) / E$24 -> 0.24201932 | AA37: =(Q37 - E$22) / E$24 -> 0.3581775 | AB37: =R37 + E$17 -> 3174.9909 | AC37: =Z37*F$20/F$10 -> 0.24201981 | AD37: =AA37*F$20/F$10 -> 0.35817822 | AE37: =AB37*F$14/F$10 -> 3174.9973 | AG37: =SQRT(SUMSQ(AC37-D37,AD37-E37,AE37-F37)) -> 4.3041838e-10
A38: 120 | B38: 0.8 | C38: 221.5 | D38: 0.39841491 | E38: 0.65407473 | F38: 3199.995 | H38: =D38*F$10/F$20 -> 0.39841411 | I38: =E38*F$10/F$20 -> 0.65407342 | J38: =F38*F$10/F$14 -> 3199.9886 | L38: =E$21 + H38 -> 10229029 | M38: =E$22 + I38 -> 924349.22 | N38: =J38 - E$17 -> 3007.9886 | P38: =E$21 + E$24*H38 -> 10229029 | Q38: =E$22 + E$24*I38 -> 924349.22 | R38: =N38 - H$17 -> 3007.9886 | T38: =SQRT(SUMSQ(P38-L38,Q38-M38)) -> 0.00014398158 | V38: =L38 - E$21 -> 0.39841411 | W38: =M38 - E$22 -> 0.65407342 | X38: =N38 + E$17 -> 3199.9886 | Z38: =(P38 - E$21) / E$24 -> 0.39841411 | AA38: =(Q38 - E$22) / E$24 -> 0.65407342 | AB38: =R38 + E$17 -> 3199.9886 | AC38: =Z38*F$20/F$10 -> 0.39841491 | AD38: =AA38*F$20/F$10 -> 0.65407473 | AE38: =AB38*F$14/F$10 -> 3199.995 | AG38: =SQRT(SUMSQ(AC38-D38,AD38-E38,AE38-F38)) -> 4.1780813e-10
A39: 150 | B39: 0.5 | C39: 180.4 | D39: 0.53783781 | E39: 0.99533221 | F39: 3224.9923 | H39: =D39*F$10/F$20 -> 0.53783674 | I39: =E39*F$10/F$20 -> 0.99533022 | J39: =F39*F$10/F$14 -> 3224.9858 | L39: =E$21 + H39 -> 10229029 | M39: =E$22 + I39 -> 924349.57 | N39: =J39 - E$17 -> 3032.9858 | P39: =E$21 + E$24*H39 -> 10229029 | Q39: =E$22 + E$24*I39 -> 924349.57 | R39: =N39 - H$17 -> 3032.9858 | T39: =SQRT(SUMSQ(P39-L39,Q39-M39)) -> 0.00021269287 | V39: =L39 - E$21 -> 0.53783674 | W39: =M39 - E$22 -> 0.99533022 | X39: =N39 + E$17 -> 3224.9858 | Z39: =(P39 - E$21) / E$24 -> 0.53783673 | AA39: =(Q39 - E$22) / E$24 -> 0.99533022 | AB39: =R39 + E$17 -> 3224.9858 | AC39: =Z39*F$20/F$10 -> 0.53783781 | AD39: =AA39*F$20/F$10 -> 0.99533221 | AE39: =AB39*F$14/F$10 -> 3224.9923 | AG39: =SQRT(SUMSQ(AC39-D39,AD39-E39,AE39-F39)) -> 7.3250917e-10
A40: 154 | B40: 0.536 | C40: 183.985 | D40: 0.66985526 | E40: 1.3511716 | F40: 3249.9894 | H40: =D40*F$10/F$20 -> 0.66985392 | I40: =E40*F$10/F$20 -> 1.3511689 | J40: =F40*F$10/F$14 -> 3249.9829 | L40: =E$21 + H40 -> 10229029 | M40: =E$22 + I40 -> 924349.92 | N40: =J40 - E$17 -> 3057.9829 | P40: =E$21 + E$24*H40 -> 10229029 | Q40: =E$22 + E$24*I40 -> 924349.92 | R40: =N40 - H$17 -> 3057.9829 | T40: =SQRT(SUMSQ(P40-L40,Q40-M40)) -> 0.00028352295 | V40: =L40 - E$21 -> 0.66985392 | W40: =M40 - E$22 -> 1.3511689 | X40: =N40 + E$17 -> 3249.9829 | Z40: =(P40 - E$21) / E$24 -> 0.66985392 | AA40: =(Q40 - E$22) / E$24 -> 1.3511689 | AB40: =R40 + E$17 -> 3249.9829 | AC40: =Z40*F$20/F$10 -> 0.66985526 | AD40: =AA40*F$20/F$10 -> 1.3511716 | AE40: =AB40*F$14/F$10 -> 3249.9894 | AG40: =SQRT(SUMSQ(AC40-D40,AD40-E40,AE40-F40)) -> 1.4028465e-10
A41: 180 | B41: 0.8 | C41: 198.7 | D41: 0.79432051 | E41: 1.7005279 | F41: 3274.9867 | H41: =D41*F$10/F$20 -> 0.79431892 | I41: =E41*F$10/F$20 -> 1.7005245 | J41: =F41*F$10/F$14 -> 3274.9801 | L41: =E$21 + H41 -> 10229029 | M41: =E$22 + I41 -> 924350.27 | N41: =J41 - E$17 -> 3082.9801 | P41: =E$21 + E$24*H41 -> 10229029 | Q41: =E$22 + E$24*I41 -> 924350.27 | R41: =N41 - H$17 -> 3082.9801 | T41: =SQRT(SUMSQ(P41-L41,Q41-M41)) -> 0.00035285582 | V41: =L41 - E$21 -> 0.79431892 | W41: =M41 - E$22 -> 1.7005245 | X41: =N41 + E$17 -> 3274.9801 | Z41: =(P41 - E$21) / E$24 -> 0.79431892 | AA41: =(Q41 - E$22) / E$24 -> 1.7005245 | AB41: =R41 + E$17 -> 3274.9801 | AC41: =Z41*F$20/F$10 -> 0.79432051 | AD41: =AA41*F$20/F$10 -> 1.7005279 | AE41: =AB41*F$14/F$10 -> 3274.9867 | AG41: =SQRT(SUMSQ(AC41-D41,AD41-E41,AE41-F41)) -> 5.9536039e-10
A42: 210 | B42: 0.81 | C42: 217 | D42: 0.92583006 | E42: 2.0259294 | F42: 3299.9842 | H42: =D42*F$10/F$20 -> 0.92582821 | I42: =E42*F$10/F$20 -> 2.0259254 | J42: =F42*F$10/F$14 -> 3299.9776 | L42: =E$21 + H42 -> 10229029 | M42: =E$22 + I42 -> 924350.6 | N42: =J42 - E$17 -> 3107.9776 | P42: =E$21 + E$24*H42 -> 10229029 | Q42: =E$22 + E$24*I42 -> 924350.6 | R42: =N42 - H$17 -> 3107.9776 | T42: =SQRT(SUMSQ(P42-L42,Q42-M42)) -> 0.00041876012 | V42: =L42 - E$21 -> 0.92582821 | W42: =M42 - E$22 -> 2.0259254 | X42: =N42 + E$17 -> 3299.9776 | Z42: =(P42 - E$21) / E$24 -> 0.92582821 | AA42: =(Q42 - E$22) / E$24 -> 2.0259254 | AB42: =R42 + E$17 -> 3299.9776 | AC42: =Z42*F$20/F$10 -> 0.92583006 | AD42: =AA42*F$20/F$10 -> 2.0259294 | AE42: =AB42*F$14/F$10 -> 3299.9842 | AG42: =SQRT(SUMSQ(AC42-D42,AD42-E42,AE42-F42)) -> 1.223109e-10
A43: 240 | B43: 1 | C43: 224 | D43: 1.0572582 | E43: 2.2916553 | F43: 3324.9824 | H43: =D43*F$10/F$20 -> 1.0572561 | I43: =E43*F$10/F$20 -> 2.2916507 | J43: =F43*F$10/F$14 -> 3324.9758 | L43: =E$21 + H43 -> 10229029 | M43: =E$22 + I43 -> 924350.86 | N43: =J43 - E$17 -> 3132.9758 | P43: =E$21 + E$24*H43 -> 10229029 | Q43: =E$22 + E$24*I43 -> 924350.86 | R43: =N43 - H$17 -> 3132.9758 | T43: =SQRT(SUMSQ(P43-L43,Q43-M43)) -> 0.00047447039 | V43: =L43 - E$21 -> 1.0572561 | W43: =M43 - E$22 -> 2.2916507 | X43: =N43 + E$17 -> 3324.9758 | Z43: =(P43 - E$21) / E$24 -> 1.0572561 | AA43: =(Q43 - E$22) / E$24 -> 2.2916507 | AB43: =R43 + E$17 -> 3324.9758 | AC43: =Z43*F$20/F$10 -> 1.0572582 | AD43: =AA43*F$20/F$10 -> 2.2916553 | AE43: =AB43*F$14/F$10 -> 3324.9824 | AG43: =SQRT(SUMSQ(AC43-D43,AD43-E43,AE43-F43)) -> 2.6242362e-10
A44: 270 | B44: 0.7 | C44: 196.3 | D44: 1.1644413 | E44: 2.5060899 | F44: 3349.9813 | H44: =D44*F$10/F$20 -> 1.164439 | I44: =E44*F$10/F$20 -> 2.5060849 | J44: =F44*F$10/F$14 -> 3349.9746 | L44: =E$21 + H44 -> 10229030 | M44: =E$22 + I44 -> 924351.08 | N44: =J44 - E$17 -> 3157.9746 | P44: =E$21 + E$24*H44 -> 10229030 | Q44: =E$22 + E$24*I44 -> 924351.08 | R44: =N44 - H$17 -> 3157.9746 | T44: =SQRT(SUMSQ(P44-L44,Q44-M44)) -> 0.00051951935 | V44: =L44 - E$21 -> 1.164439 | W44: =M44 - E$22 -> 2.5060849 | X44: =N44 + E$17 -> 3349.9746 | Z44: =(P44 - E$21) / E$24 -> 1.164439 | AA44: =(Q44 - E$22) / E$24 -> 2.5060849 | AB44: =R44 + E$17 -> 3349.9746 | AC44: =Z44*F$20/F$10 -> 1.1644413 | AD44: =AA44*F$20/F$10 -> 2.5060899 | AE44: =AB44*F$14/F$10 -> 3349.9813 | AG44: =SQRT(SUMSQ(AC44-D44,AD44-E44,AE44-F44)) -> 2.4672118e-10
A45: 300 | B45: 0.7 | C45: 206 | D45: 1.2452863 | E45: 2.6945416 | F45: 3374.9804 | H45: =D45*F$10/F$20 -> 1.2452839 | I45: =E45*F$10/F$20 -> 2.6945362 | J45: =F45*F$10/F$14 -> 3374.9737 | L45: =E$21 + H45 -> 10229030 | M45: =E$22 + I45 -> 924351.26 | N45: =J45 - E$17 -> 3182.9737 | P45: =E$21 + E$24*H45 -> 10229030 | Q45: =E$22 + E$24*I45 -> 924351.27 | R45: =N45 - H$17 -> 3182.9737 | T45: =SQRT(SUMSQ(P45-L45,Q45-M45)) -> 0.00055805507 | V45: =L45 - E$21 -> 1.2452839 | W45: =M45 - E$22 -> 2.6945362 | X45: =N45 + E$17 -> 3374.9737 | Z45: =(P45 - E$21) / E$24 -> 1.2452839 | AA45: =(Q45 - E$22) / E$24 -> 2.6945362 | AB45: =R45 + E$17 -> 3374.9737 | AC45: =Z45*F$20/F$10 -> 1.2452863 | AD45: =AA45*F$20/F$10 -> 2.6945416 | AE45: =AB45*F$14/F$10 -> 3374.9804 | AG45: =SQRT(SUMSQ(AC45-D45,AD45-E45,AE45-F45)) -> 1.3386321e-10
... A246: 3356.6 | B246: 1.6 | C246: 301.8 | D246: -7254.4151 | E246: 2197.3371 | F246: 12677.18 | H246: =D246*F$10/F$20 -> -7254.4006 | I246: =E246*F$10/F$20 -> 2197.3327 | J246: =F246*F$10/F$14 -> 12677.155 | L246: =E$21 + H246 -> 10221774 | M246: =E$22 + I246 -> 926545.9 | N246: =J246 - E$17 -> 12485.155 | P246: =E$21 + E$24*H246 -> 10221773 | Q246: =E$22 + E$24*I246 -> 926546.32 | R246: =N246 - H$17 -> 12485.155 | T246: =SQRT(SUMSQ(P246-L246,Q246-M246)) -> 1.4250177 | V246: =L246 - E$21 -> -7254.4006 | W246: =M246 - E$22 -> 2197.3327 | X246: =N246 + E$17 -> 12677.155 | Z246: =(P246 - E$21) / E$24 -> -7254.4006 | AA246: =(Q246 - E$22) / E$24 -> 2197.3327 | AB246: =R246 + E$17 -> 12677.155 | AC246: =Z246*F$20/F$10 -> -7254.4151 | AD246: =AA246*F$20/F$10 -> 2197.3371 | AE246: =AB246*F$14/F$10 -> 12677.18 | AG246: =SQRT(SUMSQ(AC246-D246,AD246-E246,AE246-F246)) -> 7.5733116e-10

Sheet LMP
A1: Wellbore Local to Geodetic Coordinates: LMP method. Assumes input (n,e,d) are aligned with True North. | K1: Yellow are input fields
A2: Accompanies the document "SDU_wellbore_trajectory_calculations" | K2: Red column headers indicate final output
A3: Bert Kampes, 2019-08-24
A5: Well | K5: Geodetic parameters for NAD27
B6: Well name | E6: A008 | K6: a | L6: 6378206.4 | M6: [m] semi-major axis
B7: UWI | E7: 6081740479 | K7: 1/f | L7: 294.9787 | M7: [-] inverse flattening
A8: Wellbore | K8: b | L8: 6356583.8 | M8: [m] semi-minor axis
B9: Wellbore name | E9: A008 ST01BP01 | K9: e2 | L9: =2/L7-1/L7^2 -> 0.006768658 | M9: [-] squared eccentricity
B10: UWBI | E10: 608174047904
A12: Observation references
B13: MD unit | E13: ft | F13: 0.3048 | I13: i.e., the local coordinates (n,e,d) are in meters
B14: AZ reference | E14: True North | I14: i.e., the local coordinates (n,e) aligned with True North. In order to compare with the GNL method I compute AZ_TRUE=AZ_GRID+convergence and recomputed n,e,d listed here. Alternately the grid oriented (n,e) could have been rotated, but that is not the preferred workflow.
A16: VertCRS | E16: NAVD88 depth (ftUS)
B17: Vertical CRS unit | E17: ftUS | F17: =1200/3937 -> 0.30480061 | I17: Conversion factor to meters
B18: Ground Level elevation | E18: 0 | F18: =E17 -> ftUS
B19: ZDP_offset_from_ground_level | E19: 192 | F19: =E17 -> ftUS
B20: ZDP_height | E20: =E18+E19 -> 192 | F20: =E17 -> ftUS
A22: ProjCRS | E22: NAD27 / BLM 16N (ftUS) [EPSG::32066] | I22: (strictly speaking no projected CRS needs to be defined, but it is done here for comparing with GNL and because in practice a projected CRS will be used in the application)
B23: Projected CRS unit | E23: ftUS | F23: =1200/3937 -> 0.30480061 | I23: Conversion factor to meters
B24: WRP_Latitude | E24: 0 | F24: deg | G24: 28° 10' 10.463 N
B25: WRP_Longitude | E25: -89.222953 | F25: deg | G25: 89° 13' 22.631 W
B26: Grid convergence at WRP | E26: -1.05 | F26: deg | I26: This should not used. In case the AZ would be referenced to TN then the inputs to the minimum curvature algorith would be re-referenced to GN before applying min. curvature. However, it is possible to rereference the (n,e) using a 2D rotation matrix.
B27: Point scale factor at WRP | E27: 1.00019 | F27: [unitless] | I27: Optionally used to scale the local coordinates in the GNL algorithm if psf_flag=1. Assumed is that the same scale factor in N and E applies (i.e., that a conformal map projection is used)
A29: Wellbore local to geodetic method | E29: LMP (EPSG code 1076)
B30: dcf_flag | E30: 0 | I30: 0: do not apply depth correction factor;
W31: compared with GNL method psf_flag=1
W33: (diff with GNL tab output)
E34: Local coordinates (input n,e,d) | I34: LMP method (input: "True" n,e,d; output: Lat,Lon,D) | Q34: then converted to projected coordinates (N,E) with Blue Marble) | W34: error analysis LMP<>GNL
A35: (copy of input survey in 1 table) | E35: (oriented "true north") | L35: (dcf_flag=0 : no depth correction factor applied) | Q35: (converted with Blue Marble for comparison with GNL method) | W35: =MAX(W37:W153) -> 0.016672315 | X35: =MAX(X37:X153) -> 0.037059173
A36: =CONCATENATE("MD [",$E13,"]") -> MD [ft] | B36: INC [deg] | C36: AZ_GRID | D36: AZ_TRUE | E36: =CONCATENATE("n [",$E13,"]") -> n [ft] | F36: =CONCATENATE("e [",$E13,"]") -> e [ft] | G36: =CONCATENATE("d [",$E13,"]") -> d [ft] | I36: rho [m] | J36: nu [m] | L36: LAT [deg] | M36: LON [deg] | N36: =CONCATENATE("D [",$E17,"]") -> D [ftUS] | Q36: =CONCATENATE("N [",$E23,"]") -> N [ftUS] | R36: =CONCATENATE("E [",$E23,"]") -> E [ftUS] | T36: point scale f | U36: convergence | W36: error N [ftUS] | X36: error E [ftUS]
A37: 0 | B37: 0 | C37: 55.47 | D37: =C37+E$26 -> 54.42 | E37: 0 | F37: 0 | G37: 0 | I37: =+L$6*(1-L$9)/(1-L$9*SIN(RADIANS(E24))^2)^1.5 -> 6335034.5 | J37: =+L$6/SQRT(1-L$9*SIN(RADIANS(E24))^2) -> 6378206.4 | L37: =E24 + DEGREES((E37-0)*F$13/I37) -> 0 | M37: =E25 + DEGREES((F37-0)*F$13/(J37*COS(RADIANS(E24)))) -> -89.222953 | N37: =G37*F$13/F$17 - E$20 -> -192 | Q37: 10229028 | R37: 924348.56 | T37: 1.000188 | U37: -1.05 | W37: =ABS(Q37-GNL!P34) -> 0.0099999998 | X37: =ABS(R37-GNL!Q34) -> 0.0099999999
A38: 3137 | B38: 0 | C38: 55.47 | D38: =C38+E$26 -> 54.42 | E38: 0 | F38: 0 | G38: 3137 | I38: =+L$6*(1-L$9)/(1-L$9*SIN(RADIANS(L37))^2)^1.5 -> 6335034.5 | J38: =+L$6/SQRT(1-L$9*SIN(RADIANS(L37))^2) -> 6378206.4 | L38: =L37 + DEGREES((E38-E37)*F$13/I38) -> 0 | M38: =M37 + DEGREES((F38-F37)*F$13/(J38*COS(RADIANS(L37)))) -> -89.222953 | N38: =G38*F$13/F$17 - E$20 -> 2944.9937 | Q38: 10229028 | R38: 924348.56 | W38: =ABS(Q38-GNL!P35) -> 0.0099999998 | X38: =ABS(R38-GNL!Q35) -> 0.0099999999
A39: 3150 | B39: 0.83 | C39: 55.47 | D39: =C39+E$26 -> 54.42 | E39: 0.05 | F39: 0.08 | G39: 3149.9995 | I39: =+L$6*(1-L$9)/(1-L$9*SIN(RADIANS(L38))^2)^1.5 -> 6335034.5 | J39: =+L$6/SQRT(1-L$9*SIN(RADIANS(L38))^2) -> 6378206.4 | L39: =L38 + DEGREES((E39-E38)*F$13/I39) -> 1.3783472e-07 | M39: =M38 + DEGREES((F39-F38)*F$13/(J39*COS(RADIANS(L38)))) -> -89.222953 | N39: =G39*F$13/F$17 - E$20 -> 2957.9932 | Q39: 10229028 | R39: 924348.64 | W39: =ABS(Q39-GNL!P36) -> 0.01338272 | X39: =ABS(R39-GNL!Q36) -> 0.0075852806
A40: 3175 | B40: 0.72 | C40: 56.8 | D40: =C40+E$26 -> 55.75 | E40: 0.25 | F40: 0.35 | G40: 3174.9973 | I40: =+L$6*(1-L$9)/(1-L$9*SIN(RADIANS(L39))^2)^1.5 -> 6335034.5 | J40: =+L$6/SQRT(1-L$9*SIN(RADIANS(L39))^2) -> 6378206.4 | L40: =L39 + DEGREES((E40-E39)*F$13/I40) -> 6.8917358e-07 | M40: =M39 + DEGREES((F40-F39)*F$13/(J40*COS(RADIANS(L39)))) -> -89.222952 | N40: =G40*F$13/F$17 - E$20 -> 2982.9909 | Q40: 10229029 | R40: 924348.92 | W40: =ABS(Q40-GNL!P37) -> 0.012064824 | X40: =ABS(R40-GNL!Q37) -> 0.0082448412
A41: 3200 | B41: 0.82 | C41: 66.83 | D41: =C41+E$26 -> 65.78 | E41: 0.41 | F41: 0.65 | G41: 3199.995 | I41: =+L$6*(1-L$9)/(1-L$9*SIN(RADIANS(L40))^2)^1.5 -> 6335034.5 | J41: =+L$6/SQRT(1-L$9*SIN(RADIANS(L40))^2) -> 6378206.4 | L41: =L40 + DEGREES((E41-E40)*F$13/I41) -> 1.1302447e-06 | M41: =M40 + DEGREES((F41-F40)*F$13/(J41*COS(RADIANS(L40)))) -> -89.222951 | N41: =G41*F$13/F$17 - E$20 -> 3007.9886 | Q41: 10229029 | R41: 924349.21 | W41: =ABS(Q41-GNL!P38) -> 0.0084890127 | X41: =ABS(R41-GNL!Q38) -> 0.014196388
A42: 3225 | B42: 0.87 | C42: 68.67 | D42: =C42+E$26 -> 67.62 | E42: 0.56 | F42: 0.99 | G42: 3224.9923 | I42: =+L$6*(1-L$9)/(1-L$9*SIN(RADIANS(L41))^2)^1.5 -> 6335034.5 | J42: =+L$6/SQRT(1-L$9*SIN(RADIANS(L41))^2) -> 6378206.4 | L42: =L41 + DEGREES((E42-E41)*F$13/I42) -> 1.5437488e-06 | M42: =M41 + DEGREES((F42-F41)*F$13/(J42*COS(RADIANS(L41)))) -> -89.22295 | N42: =G42*F$13/F$17 - E$20 -> 3032.9858 | Q42: 10229029 | R42: 924349.55 | W42: =ABS(Q42-GNL!P39) -> 0.0079378467 | X42: =ABS(R42-GNL!Q39) -> 0.015517338
A43: 3250 | B43: 0.87 | C43: 70.62 | D43: =C43+E$26 -> 69.57 | E43: 0.69 | F43: 1.34 | G43: 3249.9894 | I43: =+L$6*(1-L$9)/(1-L$9*SIN(RADIANS(L42))^2)^1.5 -> 6335034.5 | J43: =+L$6/SQRT(1-L$9*SIN(RADIANS(L42))^2) -> 6378206.4 | L43: =L42 + DEGREES((E43-E42)*F$13/I43) -> 1.9021191e-06 | M43: =M42 + DEGREES((F43-F42)*F$13/(J43*COS(RADIANS(L42)))) -> -89.222949 | N43: =G43*F$13/F$17 - E$20 -> 3057.9829 | Q43: 10229029 | R43: 924349.91 | W43: =ABS(Q43-GNL!P40) -> 0.0099798553 | X43: =ABS(R43-GNL!Q40) -> 0.011422927
A44: 3275 | B44: 0.83 | C44: 70.15 | D44: =C44+E$26 -> 69.1 | E44: 0.83 | F44: 1.69 | G44: 3274.9867 | I44: =+L$6*(1-L$9)/(1-L$9*SIN(RADIANS(L43))^2)^1.5 -> 6335034.5 | J44: =+L$6/SQRT(1-L$9*SIN(RADIANS(L43))^2) -> 6378206.4 | L44: =L43 + DEGREES((E44-E43)*F$13/I44) -> 2.2880563e-06 | M44: =M43 + DEGREES((F44-F43)*F$13/(J44*COS(RADIANS(L43)))) -> -89.222948 | N44: =G44*F$13/F$17 - E$20 -> 3082.9801 | Q44: 10229029 | R44: 924350.26 | W44: =ABS(Q44-GNL!P41) -> 0.0044682492 | X44: =ABS(R44-GNL!Q41) -> 0.010844169
A45: 3300 | B45: 0.78 | C45: 65.7 | D45: =C45+E$26 -> 64.65 | E45: 0.96 | F45: 2.01 | G45: 3299.9842 | I45: =+L$6*(1-L$9)/(1-L$9*SIN(RADIANS(L44))^2)^1.5 -> 6335034.5 | J45: =+L$6/SQRT(1-L$9*SIN(RADIANS(L44))^2) -> 6378206.4 | L45: =L44 + DEGREES((E45-E44)*F$13/I45) -> 2.6464265e-06 | M45: =M44 + DEGREES((F45-F44)*F$13/(J45*COS(RADIANS(L44)))) -> -89.222947 | N45: =G45*F$13/F$17 - E$20 -> 3107.9776 | Q45: 10229029 | R45: 924350.58 | W45: =ABS(Q45-GNL!P42) -> 0.0060022622 | X45: =ABS(R45-GNL!Q42) -> 0.016306263
A46: 3325 | B46: 0.58 | C46: 60.97 | D46: =C46+E$26 -> 59.92 | E46: 1.1 | F46: 2.27 | G46: 3324.9824 | I46: =+L$6*(1-L$9)/(1-L$9*SIN(RADIANS(L45))^2)^1.5 -> 6335034.5 | J46: =+L$6/SQRT(1-L$9*SIN(RADIANS(L45))^2) -> 6378206.4 | L46: =L45 + DEGREES((E46-E45)*F$13/I46) -> 3.0323637e-06 | M46: =M45 + DEGREES((F46-F45)*F$13/(J46*COS(RADIANS(L45)))) -> -89.222947 | N46: =G46*F$13/F$17 - E$20 -> 3132.9758 | Q46: 10229029 | R46: 924350.85 | W46: =ABS(Q46-GNL!P43) -> 0.0074548628 | X46: =ABS(R46-GNL!Q43) -> 0.012081499
A47: 3350 | B47: 0.52 | C47: 66.2 | D47: =C47+E$26 -> 65.15 | E47: 1.21 | F47: 2.48 | G47: 3349.9813 | I47: =+L$6*(1-L$9)/(1-L$9*SIN(RADIANS(L46))^2)^1.5 -> 6335034.5 | J47: =+L$6/SQRT(1-L$9*SIN(RADIANS(L46))^2) -> 6378206.4 | L47: =L46 + DEGREES((E47-E46)*F$13/I47) -> 3.3356001e-06 | M47: =M46 + DEGREES((F47-F46)*F$13/(J47*COS(RADIANS(L46)))) -> -89.222946 | N47: =G47*F$13/F$17 - E$20 -> 3157.9746 | Q47: 10229030 | R47: 924351.06 | W47: =ABS(Q47-GNL!P44) -> 0.0046578888 | X47: =ABS(R47-GNL!Q44) -> 0.016556052
A48: 3375 | B48: 0.42 | C48: 67.5 | D48: =C48+E$26 -> 66.45 | E48: 1.29 | F48: 2.67 | G48: 3374.9804 | I48: =+L$6*(1-L$9)/(1-L$9*SIN(RADIANS(L47))^2)^1.5 -> 6335034.5 | J48: =+L$6/SQRT(1-L$9*SIN(RADIANS(L47))^2) -> 6378206.4 | L48: =L47 + DEGREES((E48-E47)*F$13/I48) -> 3.5561357e-06 | M48: =M47 + DEGREES((F48-F47)*F$13/(J48*COS(RADIANS(L47)))) -> -89.222946 | N48: =G48*F$13/F$17 - E$20 -> 3182.9737 | Q48: 10229030 | R48: 924351.25 | W48: =ABS(Q48-GNL!P45) -> 0.005517967 | X48: =ABS(R48-GNL!Q45) -> 0.015042735
A49: 3400 | B49: 0.32 | C49: 75.18 | D49: =C49+E$26 -> 74.13 | E49: 1.35 | F49: 2.82 | G49: 3399.9799 | I49: =+L$6*(1-L$9)/(1-L$9*SIN(RADIANS(L48))^2)^1.5 -> 6335034.5 | J49: =+L$6/SQRT(1-L$9*SIN(RADIANS(L48))^2) -> 6378206.4 | L49: =L48 + DEGREES((E49-E48)*F$13/I49) -> 3.7215373e-06 | M49: =M48 + DEGREES((F49-F48)*F$13/(J49*COS(RADIANS(L48)))) -> -89.222945 | N49: =G49*F$13/F$17 - E$20 -> 3207.9731 | Q49: 10229030 | R49: 924351.41 | W49: =ABS(Q49-GNL!P46) -> 0.0084496588 | X49: =ABS(R49-GNL!Q46) -> 0.0072156325
... A248: 18545 | B248: 58.84 | C248: 63.02 | D248: =C248+E$26 -> 61.97 | E248: -7229.82 | F248: 2298.18 | G248: 12655.448 | I248: =+L$6*(1-L$9)/(1-L$9*SIN(RADIANS(L247))^2)^1.5 -> 6335034.5 | J248: =+L$6/SQRT(1-L$9*SIN(RADIANS(L247))^2) -> 6378206.4 | L248: =L247 + DEGREES((E248-E247)*F$13/I248) -> -0.019930404 | M248: =M247 + DEGREES((F248-F247)*F$13/(J248*COS(RADIANS(L247)))) -> -89.216661 | N248: =G248*F$13/F$17 - E$20 -> 12463.423 | Q248: 10221756 | R248: 926514.19 | W248: =ABS(Q248-GNL!P245) -> 0.092945 | X248: =ABS(R248-GNL!Q245) -> 0.090959257
A249: 18587 | B249: 58.84 | C249: 63.02 | D249: =C249+E$26 -> 61.97 | E249: -7212.93 | F249: 2329.9 | G249: 12677.18 | I249: =+L$6*(1-L$9)/(1-L$9*SIN(RADIANS(L248))^2)^1.5 -> 6335034.5 | J249: =+L$6/SQRT(1-L$9*SIN(RADIANS(L248))^2) -> 6378206.4 | L249: =L248 + DEGREES((E249-E248)*F$13/I249) -> -0.019883843 | M249: =M248 + DEGREES((F249-F248)*F$13/(J249*COS(RADIANS(L248)))) -> -89.216574 | N249: =G249*F$13/F$17 - E$20 -> 12485.155 | Q249: 10221773 | R249: 926546.22 | T249: 1.0001844 | U249: -1.04584 | W249: =ABS(Q249-GNL!P246) -> 0.094455134 | X249: =ABS(R249-GNL!Q246) -> 0.09581198

Sheet 2drot
A1: Wellbore Local to Geodetic Coordinates: Example of 2D rotation. This is only used as a test and demonstration here. It should not be used to implement rotation of local (n,e) coordinatates.
A2: Accompanies the document "SDU_wellbore_trajectory_calculations"
A3: Bert Kampes, 2019-08-24
A5: allthough the intention is to rotate using LMP input (change AZ_GN to AZ_TN before input into min curv) the alternative is to apply a simple 2D rotation matrix to the output.
A6: The disadvantage for LMP is that convergence is treated as a constant and not varied along the wellbore
B9: Grid convergence at WRP | E9: -1.05 | F9: deg | G9: AZ_TRUE = AZ_GRID + convergence | K9: [e_gn] = [cos(conv) -sin(conv)] * [e_tn] | O9: [e_tn] = [cos(-conv) -sin(-conv)] * [e_gn]
K10: [n_gn] [sin(conv) cos(conv)] [n_tn] | O10: [n_tn] [sin(-conv) cos(-conv)] [n_gn]
B11: copy of output of Min Curv using AZ_TRUE | F11: copy of output of Min Curv using AZ_TRUE
B12: Local coordinates | K12: ROT2D(TN to GN) | M12: error analysis | O12: ROT2D(GN to TN) | Q12: error analysis
A13: [deg] | B13: (oriented "grid north") | F13: (oriented "true north") | K13: (rotated from TN to GN) | M13: =MAX(M15:M131) -> 0.0085699489 | O13: (rotated from GN to TN) | Q13: =MAX(Q15:Q131) -> 0.0085699489
A14: AZ_GRID | B14: n [m] | C14: e [m] | E14: AZ_TRUE | F14: n [m] | G14: e [m] | J14: convergence [deg] | K14: n_gn | L14: e_gn | M14: error | O14: n_tn | P14: e_tn | Q14: error
A15: 55.47 | B15: 0 | C15: 0 | E15: 54.42 | F15: 0 | G15: 0 | J15: =E15-A15 -> -1.05 | K15: =SIN(RADIANS(J15))*G15 + COS(RADIANS(J15))*F15 -> 0 | L15: =COS(RADIANS(J15))*G15 + -SIN(RADIANS(J15))*F15 -> 0 | M15: =SQRT(SUMSQ(K15-B15,L15-C15)) -> 0 | O15: =SIN(RADIANS(-J15))*C15 + COS(RADIANS(-J15))*B15 -> 0 | P15: =COS(RADIANS(-J15))*C15 + -SIN(RADIANS(-J15))*B15 -> 0 | Q15: =SQRT(SUMSQ(O15-F15,P15-G15)) -> 0
A16: 55.47 | B16: 0 | C16: 0 | E16: 54.42 | F16: 0 | G16: 0 | J16: =E16-A16 -> -1.05 | K16: =SIN(RADIANS(J16))*G16 + COS(RADIANS(J16))*F16 -> 0 | L16: =COS(RADIANS(J16))*G16 + -SIN(RADIANS(J16))*F16 -> 0 | M16: =SQRT(SUMSQ(K16-B16,L16-C16)) -> 0 | O16: =SIN(RADIANS(-J16))*C16 + COS(RADIANS(-J16))*B16 -> 0 | P16: =COS(RADIANS(-J16))*C16 + -SIN(RADIANS(-J16))*B16 -> 0 | Q16: =SQRT(SUMSQ(O16-F16,P16-G16)) -> 0
A17: 55.47 | B17: 0.053372793 | C17: 0.077570852 | E17: 54.42 | F17: 0.05 | G17: 0.08 | J17: =E17-A17 -> -1.05 | K17: =SIN(RADIANS(J17))*G17 + COS(RADIANS(J17))*F17 -> 0.04852561 | L17: =COS(RADIANS(J17))*G17 + -SIN(RADIANS(J17))*F17 -> 0.080902813 | M17: =SQRT(SUMSQ(K17-B17,L17-C17)) -> 0.0058819338 | O17: =SIN(RADIANS(-J17))*C17 + COS(RADIANS(-J17))*B17 -> 0.054785311 | P17: =COS(RADIANS(-J17))*C17 + -SIN(RADIANS(-J17))*B17 -> 0.076579774 | Q17: =SQRT(SUMSQ(O17-F17,P17-G17)) -> 0.0058819338
A18: 56.8 | B18: 0.24201981 | C18: 0.35817822 | E18: 55.75 | F18: 0.25 | G18: 0.35 | J18: =E18-A18 -> -1.05 | K18: =SIN(RADIANS(J18))*G18 + COS(RADIANS(J18))*F18 -> 0.2435443 | L18: =COS(RADIANS(J18))*G18 + -SIN(RADIANS(J18))*F18 -> 0.35452246 | M18: =SQRT(SUMSQ(K18-B18,L18-C18)) -> 0.0039608867 | O18: =SIN(RADIANS(-J18))*C18 + COS(RADIANS(-J18))*B18 -> 0.24854276 | P18: =COS(RADIANS(-J18))*C18 + -SIN(RADIANS(-J18))*B18 -> 0.35368308 | Q18: =SQRT(SUMSQ(O18-F18,P18-G18)) -> 0.0039608867
A19: 66.83 | B19: 0.39841491 | C19: 0.65407473 | E19: 65.78 | F19: 0.41 | G19: 0.65 | J19: =E19-A19 -> -1.05 | K19: =SIN(RADIANS(J19))*G19 + COS(RADIANS(J19))*F19 -> 0.39801995 | L19: =COS(RADIANS(J19))*G19 + -SIN(RADIANS(J19))*F19 -> 0.65740408 | M19: =SQRT(SUMSQ(K19-B19,L19-C19)) -> 0.0033526918 | O19: =SIN(RADIANS(-J19))*C19 + COS(RADIANS(-J19))*B19 -> 0.41033388 | P19: =COS(RADIANS(-J19))*C19 + -SIN(RADIANS(-J19))*B19 -> 0.64666397 | Q19: =SQRT(SUMSQ(O19-F19,P19-G19)) -> 0.0033526918
A20: 68.67 | B20: 0.53783781 | C20: 0.99533221 | E20: 67.62 | F20: 0.56 | G20: 0.99 | J20: =E20-A20 -> -1.05 | K20: =SIN(RADIANS(J20))*G20 + COS(RADIANS(J20))*F20 -> 0.54176429 | L20: =COS(RADIANS(J20))*G20 + -SIN(RADIANS(J20))*F20 -> 1.0000957 | M20: =SQRT(SUMSQ(K20-B20,L20-C20)) -> 0.0061731925 | O20: =SIN(RADIANS(-J20))*C20 + COS(RADIANS(-J20))*B20 -> 0.55598689 | P20: =COS(RADIANS(-J20))*C20 + -SIN(RADIANS(-J20))*B20 -> 0.98530923 | Q20: =SQRT(SUMSQ(O20-F20,P20-G20)) -> 0.0061731925
A21: 70.62 | B21: 0.66985526 | C21: 1.3511716 | E21: 69.57 | F21: 0.69 | G21: 1.34 | J21: =E21-A21 -> -1.05 | K21: =SIN(RADIANS(J21))*G21 + COS(RADIANS(J21))*F21 -> 0.66532873 | L21: =COS(RADIANS(J21))*G21 + -SIN(RADIANS(J21))*F21 -> 1.3524192 | M21: =SQRT(SUMSQ(K21-B21,L21-C21)) -> 0.0046953132 | O21: =SIN(RADIANS(-J21))*C21 + COS(RADIANS(-J21))*B21 -> 0.69450291 | P21: =COS(RADIANS(-J21))*C21 + -SIN(RADIANS(-J21))*B21 -> 1.3386697 | Q21: =SQRT(SUMSQ(O21-F21,P21-G21)) -> 0.0046953132
A22: 70.15 | B22: 0.79432051 | C22: 1.7005279 | E22: 69.1 | F22: 0.83 | G22: 1.69 | J22: =E22-A22 -> -1.05 | K22: =SIN(RADIANS(J22))*G22 + COS(RADIANS(J22))*F22 -> 0.7988915 | L22: =COS(RADIANS(J22))*G22 + -SIN(RADIANS(J22))*F22 -> 1.7049259 | M22: =SQRT(SUMSQ(K22-B22,L22-C22)) -> 0.0063432432 | O22: =SIN(RADIANS(-J22))*C22 + COS(RADIANS(-J22))*B22 -> 0.82534918 | P22: =COS(RADIANS(-J22))*C22 + -SIN(RADIANS(-J22))*B22 -> 1.6856865 | Q22: =SQRT(SUMSQ(O22-F22,P22-G22)) -> 0.0063432432
A23: 65.7 | B23: 0.92583006 | C23: 2.0259294 | E23: 64.65 | F23: 0.96 | G23: 2.01 | J23: =E23-A23 -> -1.05 | K23: =SIN(RADIANS(J23))*G23 + COS(RADIANS(J23))*F23 -> 0.92300569 | L23: =COS(RADIANS(J23))*G23 + -SIN(RADIANS(J23))*F23 -> 2.0272544 | M23: =SQRT(SUMSQ(K23-B23,L23-C23)) -> 0.0031197181 | O23: =SIN(RADIANS(-J23))*C23 + COS(RADIANS(-J23))*B23 -> 0.96279961 | P23: =COS(RADIANS(-J23))*C23 + -SIN(RADIANS(-J23))*B23 -> 2.0086235 | Q23: =SQRT(SUMSQ(O23-F23,P23-G23)) -> 0.0031197181
A24: 60.97 | B24: 1.0572582 | C24: 2.2916553 | E24: 59.92 | F24: 1.1 | G24: 2.27 | J24: =E24-A24 -> -1.05 | K24: =SIN(RADIANS(J24))*G24 + COS(RADIANS(J24))*F24 -> 1.0582177 | L24: =COS(RADIANS(J24))*G24 + -SIN(RADIANS(J24))*F24 -> 2.2897763 | M24: =SQRT(SUMSQ(K24-B24,L24-C24)) -> 0.0021097957 | O24: =SIN(RADIANS(-J24))*C24 + COS(RADIANS(-J24))*B24 -> 1.0990751 | P24: =COS(RADIANS(-J24))*C24 + -SIN(RADIANS(-J24))*B24 -> 2.2718963 | Q24: =SQRT(SUMSQ(O24-F24,P24-G24)) -> 0.0021097957
A25: 66.2 | B25: 1.1644413 | C25: 2.5060899 | E25: 65.15 | F25: 1.21 | G25: 2.48 | J25: =E25-A25 -> -1.05 | K25: =SIN(RADIANS(J25))*G25 + COS(RADIANS(J25))*F25 -> 1.164351 | L25: =COS(RADIANS(J25))*G25 + -SIN(RADIANS(J25))*F25 -> 2.5017567 | M25: =SQRT(SUMSQ(K25-B25,L25-C25)) -> 0.0043341252 | O25: =SIN(RADIANS(-J25))*C25 + COS(RADIANS(-J25))*B25 -> 1.2101697 | P25: =COS(RADIANS(-J25))*C25 + -SIN(RADIANS(-J25))*B25 -> 2.4843308 | Q25: =SQRT(SUMSQ(O25-F25,P25-G25)) -> 0.0043341252
A26: 67.5 | B26: 1.2452863 | C26: 2.6945416 | E26: 66.45 | F26: 1.29 | G26: 2.67 | J26: =E26-A26 -> -1.05 | K26: =SIN(RADIANS(J26))*G26 + COS(RADIANS(J26))*F26 -> 1.2408558 | L26: =COS(RADIANS(J26))*G26 + -SIN(RADIANS(J26))*F26 -> 2.6931908 | M26: =SQRT(SUMSQ(K26-B26,L26-C26)) -> 0.0046318446 | O26: =SIN(RADIANS(-J26))*C26 + COS(RADIANS(-J26))*B26 -> 1.2944545 | P26: =COS(RADIANS(-J26))*C26 + -SIN(RADIANS(-J26))*B26 -> 2.6712693 | Q26: =SQRT(SUMSQ(O26-F26,P26-G26)) -> 0.0046318446
... A227: 63.02 | B227: -7254.4151 | C227: 2197.3371 | E227: 61.97 | F227: -7212.93 | G227: 2329.9 | J227: =E227-A227 -> -1.05 | K227: =SIN(RADIANS(J227))*G227 + COS(RADIANS(J227))*F227 -> -7254.4141 | L227: =COS(RADIANS(J227))*G227 + -SIN(RADIANS(J227))*F227 -> 2197.3323 | M227: =SQRT(SUMSQ(K227-B227,L227-C227)) -> 0.0048945831 | O227: =SIN(RADIANS(-J227))*C227 + COS(RADIANS(-J227))*B227 -> -7212.931 | P227: =COS(RADIANS(-J227))*C227 + -SIN(RADIANS(-J227))*B227 -> 2329.9048 | Q227: =SQRT(SUMSQ(O227-F227,P227-G227)) -> 0.0048945831

Sheet wrap azimuth
A1: Example how to wrap an angle difference passed its 360 discontinuity.
A2: Accompanies the document "SDU_wellbore_trajectory_calculations"
A3: Bert Kampes, 2021-03-27
A5: Given an azimuth angle in the domain from 0 to 360 degrees, the difference angle can be no larger than 180 degrees.
A6: Calculation such difference angle requires some if statements or can be resolved by complex math using Euler's formula.
A8: Example: The delta from A1=354 to A2=10 degrees equals 16 degrees.
A10: Calculation steps (given two angles in degrees in the interval from 0 to 360):
A11: 1 | B11: dA = A2-A1
A12: 2 | B12: if (dA >= 180) then dA -= 360
A13: 3 | B13: if (dA < 180) then dA += 360
A14: 4 | B14: dA = abs(dA) | E14: # optional in case only the magnitude of the difference is of interest
A16: Alternative implementation using some trigonometry on the complex unit circle
A17: 1 | B17: =DEGREES(ATAN2(COS(RADIANS(A2-A1)), SIN(RADIANS(A2-A1)))) | I17: # Note: MS Excel implements ATAN2(x,y) =ATAN(y/x) with switched arguments
A19: Example
B20: input: | C20: A1 | D20: 354 | E20: 185 | F20: 300 | G20: 354 | H20: 354 | I20: 0 | J20: 40
C21: A2 | D21: 4 | E21: 4 | F21: 4 | G21: 50 | H21: 4 | I21: 200 | J21: 4
B23: method 1: | C23: dA | D23: =D21-D20 -> -350 | E23: =E21-E20 -> -181 | F23: =F21-F20 -> -296 | G23: =G21-G20 -> -304 | H23: =H21-H20 -> -350 | I23: =I21-I20 -> 200 | J23: =J21-J20 -> -36
C24: if>180 | D24: =IF(D23>180, D23-360,D23) -> -350 | E24: =IF(E23>180, E23-360,E23) -> -181 | F24: =IF(F23>180, F23-360,F23) -> -296 | G24: =IF(G23>180, G23-360,G23) -> -304 | H24: =IF(H23>180, H23-360,H23) -> -350 | I24: =IF(I23>180, I23-360,I23) -> -160 | J24: =IF(J23>180, J23-360,J23) -> -36
C25: if<180 | D25: =IF(D24<-180, D24+360,D24) -> 10 | E25: =IF(E24<-180, E24+360,E24) -> 179 | F25: =IF(F24<-180, F24+360,F24) -> 64 | G25: =IF(G24<-180, G24+360,G24) -> 56 | H25: =IF(H24<-180, H24+360,H24) -> 10 | I25: =IF(I24<-180, I24+360,I24) -> -160 | J25: =IF(J24<-180, J24+360,J24) -> -36
B28: method 2: | C28: dA | D28: =DEGREES(ATAN2(COS(RADIANS(D21-D20)), SIN(RADIANS(D21-D20)))) -> 10 | E28: =DEGREES(ATAN2(COS(RADIANS(E21-E20)), SIN(RADIANS(E21-E20)))) -> 179 | F28: =DEGREES(ATAN2(COS(RADIANS(F21-F20)), SIN(RADIANS(F21-F20)))) -> 64 | G28: =DEGREES(ATAN2(COS(RADIANS(G21-G20)), SIN(RADIANS(G21-G20)))) -> 56 | H28: =DEGREES(ATAN2(COS(RADIANS(H21-H20)), SIN(RADIANS(H21-H20)))) -> 10 | I28: =DEGREES(ATAN2(COS(RADIANS(I21-I20)), SIN(RADIANS(I21-I20)))) -> -160 | J28: =DEGREES(ATAN2(COS(RADIANS(J21-J20)), SIN(RADIANS(J21-J20)))) -> -36

Sheet err
A1: Demonstration of simple method to evaluate the total position error when ignoring point scale factor and (varying) convergence.
A2: Accompanies the document "SDU_wellbore_trajectory_calculations"
A3: Bert Kampes, 2019-09-14
A5: Assume that the approximate Surface (SHL) and Bottom Hole Location (BHL) are knowm from computed trajectory or planning.
A6: Compute the point scale factor and convergence at both locations.
A7: 1. compute the distance without applying point scale factor (local distance)
A8: 2. compute the distance by applying a constant psf (for psf at SHL and BHL).
A9: 3. compute the perpendicular distance due to constant rotation by convergence (for conv at SHL and BHL).
A10: The correct grid distance (psf applied variable along path) is close to applying the average scale factor. Hence the error in calculated length is well approximated by the average difference between 1&2 above.
A11: The perpendicular error due to assuming a constant convergence is approximated by half the difference of 3 above (assuming linear change of convergence)
A12: The total error is the square root of the sum square of the 2 terms above (depth correction is computed below but ignored for the error as it is thought this correction should not be applied when drilling to a target picked from a volume).
A14: input
A15: calculated
A17: projCRS | B17: WGS 84 / UTM zone 15N | D17: Unit: | E17: m | G17: must convert below to meters!
A19: EXAMPLE A: 10km wellbore ~(70N, 90W) at edge of UTM zone | G19: EXAMPLE B: 10km wellbore ~(30N, 90W) at edge of UTM zone | M19: EXAMPLE C: Sakhalin well
A20: Conclusion: Change of convergence is main issue near pole | G20: Conclusion: scale is main issue, but convergence also | M20: Conclusion:
B22: SHL | C22: BHL | D22: BHL-SHL | G22: SHL | H22: BHL | I22: BHL-SHL | M22: SHL | N22: BHL | O22: BHL-SHL
A23: Easting | B23: 281742 | C23: 282412 | D23: =C23-B23 -> 670 | E23: m | G23: 780000 | H23: 790000 | I23: =H23-G23 -> 10000 | J23: m | M23: 780000 | N23: 790000 | O23: =N23-M23 -> 10000 | P23: m
A24: Northing | B24: 3117814 | C24: 3115603 | D24: =C24-B24 -> -2211 | E24: m | G24: 3330000 | H24: 3330000 | I24: =H24-G24 -> 0 | J24: m | M24: 3330000 | N24: 3330000 | O24: =N24-M24 -> 0 | P24: m
A25: Depth | B25: 0 | C25: 3805.48 | D25: =C25-B25 -> 3805.48 | E25: m | G25: 0 | H25: 2000 | I25: =H25-G25 -> 2000 | J25: m | M25: 0 | N25: 6000 | O25: =N25-M25 -> 6000 | P25: m
A26: convergence | B26: -1.05 | C26: -1.046 | D26: =C26-B26 -> 0.004 | E26: deg | G26: 1.456 | H26: 1.508 | I26: =H26-G26 -> 0.052 | J26: deg | M26: 1.456 | N26: 1.508 | O26: =N26-M26 -> 0.052 | P26: deg
A27: psf | B27: 1.00019 | C27: 1.00018 | D27: =C27-B27 -> -1e-05 | E27: [-] | G27: 1.00057 | H27: 1.00064 | I27: =H27-G27 -> 7e-05 | J27: [-] | M27: 1.00057 | N27: 1.00064 | O27: =N27-M27 -> 7e-05 | P27: [-]
A28: dcf | B28: =6371000/(6371000-B25) -> 1 | C28: =6371000/(6371000-C25) -> 1.0005977 | D28: =C28-B28 -> 0.00059766982 | E28: [-] | G28: =6371000/(6371000-G25) -> 1 | H28: =6371000/(6371000-H25) -> 1.000314 | I28: =H28-G28 -> 0.00031402104 | J28: [-] | M28: =6371000/(6371000-M25) -> 1 | N28: =6371000/(6371000-N25) -> 1.0009427 | O28: =N28-M28 -> 0.00094265515 | P28: [-]
A30: Compute paths using parameters at SHL or BHL | E30: impact | J30: impact | P30: impact
A31: dist_local | B31: =SQRT(SUMSQ(D23:D24)) -> 2310.2859 | C31: =SQRT(SUMSQ(D23:D24)) -> 2310.2859 | D31: =C31-B31 -> 0 | F31: m | G31: =SQRT(SUMSQ(I23:I24)) -> 10000 | H31: =SQRT(SUMSQ(I23:I24)) -> 10000 | I31: =H31-G31 -> 0 | K31: m | M31: =SQRT(SUMSQ(O23:O24)) -> 10000 | N31: =SQRT(SUMSQ(O23:O24)) -> 10000 | O31: =N31-M31 -> 0 | Q31: m | R31: unscaled, ignoring point scale factor
A32: const_psf | B32: =B31*B27 -> 2310.7249 | C32: =C31*C27 -> 2310.7018 | D32: =C32-B32 -> -0.023102859 | E32: =D32/2 -> -0.01155143 | F32: m | G32: =G31*G27 -> 10005.7 | H32: =H31*H27 -> 10006.4 | I32: =H32-G32 -> 0.7 | J32: =I32/2 -> 0.35 | K32: m | M32: =M31*M27 -> 10005.7 | N32: =N31*N27 -> 10006.4 | O32: =N32-M32 -> 0.7 | P32: =O32/2 -> 0.35 | Q32: m | R32: diff BHL-SHL indicates impact*2 of ignoring change of scale along path
A33: diff | B33: =B32-B31 -> 0.43895432 | C33: =C32-C31 -> 0.41585146 | D33: =C33-B33 -> -0.023102859 | E33: =AVERAGE(C33,B33) -> 0.42740289 | F33: m | G33: =G32-G31 -> 5.7 | H33: =H32-H31 -> 6.4 | I33: =H33-G33 -> 0.7 | J33: =AVERAGE(H33,G33) -> 6.05 | K33: m | M33: =M32-M31 -> 5.7 | N33: =N32-N31 -> 6.4 | O33: =N33-M33 -> 0.7 | P33: =AVERAGE(N33,M33) -> 6.05 | Q33: m | R33: average indicates impact of using psf=1.0 (i.e., of ignoring psf)
A34: var_converg | B34: =B31*TAN(RADIANS(B26)) -> -42.342941 | C34: =C31*TAN(RADIANS(C26)) -> -42.181599 | D34: =C34-B34 -> 0.16134236 | E34: =D34/2 -> 0.080671178 | F34: m | G34: =G31*TAN(RADIANS(G26)) -> 254.17465 | H34: =H31*TAN(RADIANS(H26)) -> 263.25644 | I34: =H34-G34 -> 9.0817874 | J34: =I34/2 -> 4.5408937 | K34: m | M34: =M31*TAN(RADIANS(M26)) -> 254.17465 | N34: =N31*TAN(RADIANS(N26)) -> 263.25644 | O34: =N34-M34 -> 9.0817874 | P34: =O34/2 -> 4.5408937 | Q34: m | R34: diff BHL-SHL indicates impact*2 of ignoring change of convergence (perpendicular to ignoring scale)
A35: var_dcf | B35: =B31*B28 -> 2310.2859 | C35: =C31*C28 -> 2311.6667 | D35: =C35-B35 -> 1.3807882 | F35: m | G35: =G31*G28 -> 10000 | H35: =H31*H28 -> 10003.14 | I35: =H35-G35 -> 3.1402104 | K35: m | M35: =M31*M28 -> 10000 | N35: =N31*N28 -> 10009.427 | O35: =N35-M35 -> 9.4265515 | Q35: m | R35: diff BHL-SHL indicates max impact of ignoring depth correction factor (assuming drilled vertical then lateral)
A36: total error | E36: =SQRT(SUMSQ(E33,E34)) -> 0.43494951 | F36: m | J36: =SQRT(SUMSQ(J33,J34)) -> 7.5645367 | K36: m | P36: =SQRT(SUMSQ(P33,P34)) -> 7.5645367 | Q36: m
B43: SHL | C43: BHL
A44: N | B44: 10229028 | C44: 10221774
A45: E | B45: 924348.57 | C45: 926545.91
A46: D | B46: 0 | C46: 3805.4825
A47: N_m | B47: 3117814.1 | C47: 3115602.9
A48: E_m | B48: 281742.01 | C48: 282411.76
A49: conv | B49: -1.05 | C49: -1.04584
A50: scale | B50: 1.000188 | C50: 1.0001844

Sheet Min. Curv interpolation
A1: Minimum curvature interpolation on MD. | I1: Yellow are input fields | Q1: Sawaryn, S.J., Thorogood, J.L., “A Compendium of Directional Calculations Based on the Minimum Curvature Method”, SPE Drilling & Completion paper 84246, March 2005.
A2: Accompanies the document "SDU_wellbore_trajectory_calculations" | I2: Red column headers indicate final output
A3: Bert Kampes, 2021-03-23
A5: Directional survey observation references
B6: MD unit | E6: ft | I6: i.e., the calculated local coordinates (n,e,d) will have the same unit
B7: AZ reference | E7: Grid North | I7: i.e., the calculated local coordinates (n,e) will be aligned the same (with Grid North of the projected CRS or True North)
B8: ZDP_height | E8: (see next page for more complete survey header) | I8: Not needed for min curvature calculations; but required metadata with the survey
A9: Well
B10: Name | E10: A008
B11: UWI | E11: 6081740479
A12: Wellbore
B13: Name | E13: A008 ST01BP01 | U13: Implemented more direct: | W13: Use ATAN2 for AZ
B14: UWBI | E14: 608174047904 | U14: INC_i = acos(…) | W14: (swap arguments in Excel)
A15: MDINCAZ to wellbore local method | E15: Minimum curvature
A18: DIRECTIONAL SURVEY DATA (input M,I,A) | H18: MINIMUM CURVATURE (input MD,INC,AZ; output n,e,d) | Q18: MINIMUM CURVATURE INTERPOLATION (input MD_i at row i must be larger than MD1 at previous row and smaller than MD2 at this row); output interpolated I_i, A_i and (n,e,d)_i)
E19: theta | F19: phi | H19: alpha | M19: =CONCATENATE("(oriented """,E7,""")") -> (oriented "Grid North") | Q19: =E6 -> ft | R19: =E6 -> ft | S19: =E6 -> ft | T19: alpha* | U19: theta* | W19: phi*
A20: =CONCATENATE("MD [",$E6,"]") -> MD [ft] | B20: INC [deg] | C20: AZ [deg] | E20: INC [rad] | F20: AZ [rad] | H20: Dogleg [rad] | I20: Ratio Factor | J20: =CONCATENATE("dn [",$E6,"]") -> dn [ft] | K20: =CONCATENATE("de [",$E6,"]") -> de [ft] | L20: =CONCATENATE("dd [",$E6,"]") -> dd [ft] | M20: =CONCATENATE("n [",$E6,"]") -> n [ft] | N20: =CONCATENATE("e [",$E6,"]") -> e [ft] | O20: =CONCATENATE("d [",$E6,"]") -> d [ft] | Q20: MD_i | R20: MD_i-MD1 | S20: MD2-MD1 | T20: DL_i [rad] | U20: INC_i [rad] | V20: INC_i (deg) | W20: AZ_i [rad] | X20: AZ_i (deg) | Z20: RF_i | AA20: dn | AB20: de | AC20: dd | AD20: =CONCATENATE("n_i [",$E6,"]") -> n_i [ft] | AE20: =CONCATENATE("e_i [",$E6,"]") -> e_i [ft] | AF20: =CONCATENATE("d_i [",$E6,"]") -> d_i [ft]
A21: 0 | B21: 0 | C21: 55.47 | E21: =RADIANS(B21) -> 0 | F21: =RADIANS(C21) -> 0.96813414 | M21: 0 | N21: 0 | O21: 0
A22: 3137 | B22: 0 | C22: 55.47 | E22: =RADIANS(B22) -> 0 | F22: =RADIANS(C22) -> 0.96813414 | H22: =ACOS(MAX(-1,MIN(1, COS(E22-E21)-SIN(E21)*SIN(E22)*(1-COS(F22-F21))))) -> 0 | I22: =IF(H22=0, 1, 2*TAN(H22/2)/H22) -> 1 | J22: =0.5*(A22-A21)*I22 * (SIN(E21)*COS(F21) + SIN(E22)*COS(F22)) -> 0 | K22: =0.5*(A22-A21)*I22 * (SIN(E21)*SIN(F21) + SIN(E22)*SIN(F22)) -> 0 | L22: =0.5*(A22-A21)*I22 * (COS(E21) + COS(E22)) -> 3137 | M22: =M21+J22 -> 0 | N22: =N21+K22 -> 0 | O22: =O21+L22 -> 3137 | Q22: 100 | R22: =IF(OR(Q22<A21, Q22>A22), "error", Q22-A21) -> 100 | S22: =A22-A21 -> 3137 | T22: =H22 * (R22/S22) -> 0 | U22: =IF(T22=0, E21, ACOS( (SIN(H22-T22)/SIN(H22))*COS(E21) + (SIN(T22)/SIN(H22))*COS(E22) )) -> 0 | V22: =DEGREES(U22) -> 0 | W22: =IF(T22=0, F21, ATAN2( SIN(E21)*COS(F21)*SIN(H22-T22) + SIN(E22)*COS(F22)*SIN(T22), SIN(E21)*SIN(F21)*SIN(H22-T22) + SIN(E22)*SIN(F22)*SIN(T22) )) -> 0.96813414 | X22: =MOD(DEGREES(W22), 360) -> 55.47 | Z22: =IF(T22=0, 1, 2*TAN(T22/2)/T22) -> 1 | AA22: =0.5*R22*Z22 * (SIN(E21)*COS(F21) + SIN(U22)*COS(W22)) -> 0 | AB22: =0.5*R22*Z22 * (SIN(E21)*SIN(F21) + SIN(U22)*SIN(W22)) -> 0 | AC22: =0.5*R22*Z22 * (COS(E21) + COS(U22)) -> 100 | AD22: =M21+AA22 -> 0 | AE22: =N21+AB22 -> 0 | AF22: =O21+AC22 -> 100
A23: 3150 | B23: 0.83 | C23: 55.47 | E23: =RADIANS(B23) -> 0.014486233 | F23: =RADIANS(C23) -> 0.96813414 | H23: =ACOS(MAX(-1,MIN(1, COS(E23-E22)-SIN(E22)*SIN(E23)*(1-COS(F23-F22))))) -> 0.014486233 | I23: =IF(H23=0, 1, 2*TAN(H23/2)/H23) -> 1.0000175 | J23: =0.5*(A23-A22)*I23 * (SIN(E22)*COS(F22) + SIN(E23)*COS(F23)) -> 0.053372793 | K23: =0.5*(A23-A22)*I23 * (SIN(E22)*SIN(F22) + SIN(E23)*SIN(F23)) -> 0.077570852 | L23: =0.5*(A23-A22)*I23 * (COS(E22) + COS(E23)) -> 12.999545 | M23: =M22+J23 -> 0.053372793 | N23: =N22+K23 -> 0.077570852 | O23: =O22+L23 -> 3149.9995 | Q23: 3140 | R23: =IF(OR(Q23<A22, Q23>A23), "error", Q23-A22) -> 3 | S23: =A23-A22 -> 13 | T23: =H23 * (R23/S23) -> 0.0033429768 | U23: =IF(T23=0, E22, ACOS( (SIN(H23-T23)/SIN(H23))*COS(E22) + (SIN(T23)/SIN(H23))*COS(E23) )) -> 0.0033429768 | V23: =DEGREES(U23) -> 0.19153846 | W23: =IF(T23=0, F22, ATAN2( SIN(E22)*COS(F22)*SIN(H23-T23) + SIN(E23)*COS(F23)*SIN(T23), SIN(E22)*SIN(F22)*SIN(H23-T23) + SIN(E23)*SIN(F23)*SIN(T23) )) -> 0.96813414 | X23: =MOD(DEGREES(W23), 360) -> 55.47 | Z23: =IF(T23=0, 1, 2*TAN(T23/2)/T23) -> 1.0000009 | AA23: =0.5*R23*Z23 * (SIN(E22)*COS(F22) + SIN(U23)*COS(W23)) -> 0.0028423851 | AB23: =0.5*R23*Z23 * (SIN(E22)*SIN(F22) + SIN(U23)*SIN(W23)) -> 0.0041310605 | AC23: =0.5*R23*Z23 * (COS(E22) + COS(U23)) -> 2.9999944 | AD23: =M22+AA23 -> 0.0028423851 | AE23: =N22+AB23 -> 0.0041310605 | AF23: =O22+AC23 -> 3140
A24: 3175 | B24: 0.72 | C24: 56.8 | E24: =RADIANS(B24) -> 0.012566371 | F24: =RADIANS(C24) -> 0.99134702 | H24: =ACOS(MAX(-1,MIN(1, COS(E24-E23)-SIN(E23)*SIN(E24)*(1-COS(F24-F23))))) -> 0.0019452378 | I24: =IF(H24=0, 1, 2*TAN(H24/2)/H24) -> 1.0000003 | J24: =0.5*(A24-A23)*I24 * (SIN(E23)*COS(F23) + SIN(E24)*COS(F24)) -> 0.18864702 | K24: =0.5*(A24-A23)*I24 * (SIN(E23)*SIN(F23) + SIN(E24)*SIN(F24)) -> 0.28060737 | L24: =0.5*(A24-A23)*I24 * (COS(E23) + COS(E24)) -> 24.997709 | M24: =M23+J24 -> 0.24201981 | N24: =N23+K24 -> 0.35817822 | O24: =O23+L24 -> 3174.9973 | Q24: 3157 | R24: =IF(OR(Q24<A23, Q24>A24), "error", Q24-A23) -> 7 | S24: =A24-A23 -> 25 | T24: =H24 * (R24/S24) -> 0.00054466658 | U24: =IF(T24=0, E23, ACOS( (SIN(H24-T24)/SIN(H24))*COS(E23) + (SIN(T24)/SIN(H24))*COS(E24) )) -> 0.013947963 | V24: =DEGREES(U24) -> 0.79915939 | W24: =IF(T24=0, F23, ATAN2( SIN(E23)*COS(F23)*SIN(H24-T24) + SIN(E24)*COS(F24)*SIN(T24), SIN(E23)*SIN(F23)*SIN(H24-T24) + SIN(E24)*SIN(F24)*SIN(T24) )) -> 0.97398948 | X24: =MOD(DEGREES(W24), 360) -> 55.805487 | Z24: =IF(T24=0, 1, 2*TAN(T24/2)/T24) -> 1 | AA24: =0.5*R24*Z24 * (SIN(E23)*COS(F23) + SIN(U24)*COS(W24)) -> 0.056173652 | AB24: =0.5*R24*Z24 * (SIN(E23)*SIN(F23) + SIN(U24)*SIN(W24)) -> 0.082145822 | AC24: =0.5*R24*Z24 * (COS(E23) + COS(U24)) -> 6.9992925 | AD24: =M23+AA24 -> 0.10954644 | AE24: =N23+AB24 -> 0.15971667 | AF24: =O23+AC24 -> 3156.9988
A25: 3200 | B25: 0.82 | C25: 66.83 | E25: =RADIANS(B25) -> 0.0143117 | F25: =RADIANS(C25) -> 1.1664035 | H25: =ACOS(MAX(-1,MIN(1, COS(E25-E24)-SIN(E24)*SIN(E25)*(1-COS(F25-F24))))) -> 0.0029228639 | I25: =IF(H25=0, 1, 2*TAN(H25/2)/H25) -> 1.0000007 | J25: =0.5*(A25-A24)*I25 * (SIN(E24)*COS(F24) + SIN(E25)*COS(F25)) -> 0.1563951 | K25: =0.5*(A25-A24)*I25 * (SIN(E24)*SIN(F24) + SIN(E25)*SIN(F25)) -> 0.29589651 | L25: =0.5*(A25-A24)*I25 * (COS(E24) + COS(E25)) -> 24.997751 | M25: =M24+J25 -> 0.39841491 | N25: =N24+K25 -> 0.65407473 | O25: =O24+L25 -> 3199.995 | Q25: 3198 | R25: =IF(OR(Q25<A24, Q25>A25), "error", Q25-A24) -> 23 | S25: =A25-A24 -> 25 | T25: =H25 * (R25/S25) -> 0.0026890348 | U25: =IF(T25=0, E24, ACOS( (SIN(H25-T25)/SIN(H25))*COS(E24) + (SIN(T25)/SIN(H25))*COS(E25) )) -> 0.014157793 | V25: =DEGREES(U25) -> 0.81118181 | W25: =IF(T25=0, F24, ATAN2( SIN(E24)*COS(F24)*SIN(H25-T25) + SIN(E25)*COS(F25)*SIN(T25), SIN(E24)*SIN(F24)*SIN(H25-T25) + SIN(E25)*SIN(F25)*SIN(T25) )) -> 1.1540362 | X25: =MOD(DEGREES(W25), 360) -> 66.121403 | Z25: =IF(T25=0, 1, 2*TAN(T25/2)/T25) -> 1.0000006 | AA25: =0.5*R25*Z25 * (SIN(E24)*COS(F24) + SIN(U25)*COS(W25)) -> 0.14503332 | AB25: =0.5*R25*Z25 * (SIN(E24)*SIN(F24) + SIN(U25)*SIN(W25)) -> 0.26979409 | AC25: =0.5*R25*Z25 * (COS(E24) + COS(U25)) -> 22.997953 | AD25: =M24+AA25 -> 0.38705313 | AE25: =N24+AB25 -> 0.62797231 | AF25: =O24+AC25 -> 3197.9952
A26: 3225 | B26: 0.87 | C26: 68.67 | E26: =RADIANS(B26) -> 0.015184364 | F26: =RADIANS(C26) -> 1.1985176 | H26: =ACOS(MAX(-1,MIN(1, COS(E26-E25)-SIN(E25)*SIN(E26)*(1-COS(F26-F25))))) -> 0.0009927874 | I26: =IF(H26=0, 1, 2*TAN(H26/2)/H26) -> 1.0000001 | J26: =0.5*(A26-A25)*I26 * (SIN(E25)*COS(F25) + SIN(E26)*COS(F26)) -> 0.1394229 | K26: =0.5*(A26-A25)*I26 * (SIN(E25)*SIN(F25) + SIN(E26)*SIN(F26)) -> 0.34125748 | L26: =0.5*(A26-A25)*I26 * (COS(E25) + COS(E26)) -> 24.997281 | M26: =M25+J26 -> 0.53783781 | N26: =N25+K26 -> 0.99533221 | O26: =O25+L26 -> 3224.9923 | Q26: 3201 | R26: =IF(OR(Q26<A25, Q26>A26), "error", Q26-A25) -> 1 | S26: =A26-A25 -> 25 | T26: =H26 * (R26/S26) -> 3.9711496e-05 | U26: =IF(T26=0, E25, ACOS( (SIN(H26-T26)/SIN(H26))*COS(E25) + (SIN(T26)/SIN(H26))*COS(E26) )) -> 0.014346307 | V26: =DEGREES(U26) -> 0.82198282 | W26: =IF(T26=0, F25, ATAN2( SIN(E25)*COS(F25)*SIN(H26-T26) + SIN(E26)*COS(F26)*SIN(T26), SIN(E25)*SIN(F25)*SIN(H26-T26) + SIN(E26)*SIN(F26)*SIN(T26) )) -> 1.1677629 | X26: =MOD(DEGREES(W26), 360) -> 66.907886 | Z26: =IF(T26=0, 1, 2*TAN(T26/2)/T26) -> 1 | AA26: =0.5*R26*Z26 * (SIN(E25)*COS(F25) + SIN(U26)*COS(W26)) -> 0.0056287385 | AB26: =0.5*R26*Z26 * (SIN(E25)*SIN(F25) + SIN(U26)*SIN(W26)) -> 0.013176627 | AC26: =0.5*R26*Z26 * (COS(E25) + COS(U26)) -> 0.99989734 | AD26: =M25+AA26 -> 0.40404365 | AE26: =N25+AB26 -> 0.66725136 | AF26: =O25+AC26 -> 3200.9949
A27: 3250 | B27: 0.87 | C27: 70.62 | E27: =RADIANS(B27) -> 0.015184364 | F27: =RADIANS(C27) -> 1.2325515 | H27: =ACOS(MAX(-1,MIN(1, COS(E27-E26)-SIN(E26)*SIN(E27)*(1-COS(F27-F26))))) -> 0.00051673866 | I27: =IF(H27=0, 1, 2*TAN(H27/2)/H27) -> 1 | J27: =0.5*(A27-A26)*I27 * (SIN(E26)*COS(F26) + SIN(E27)*COS(F27)) -> 0.13201745 | K27: =0.5*(A27-A26)*I27 * (SIN(E26)*SIN(F26) + SIN(E27)*SIN(F27)) -> 0.3558394 | L27: =0.5*(A27-A26)*I27 * (COS(E26) + COS(E27)) -> 24.997119 | M27: =M26+J27 -> 0.66985526 | N27: =N26+K27 -> 1.3511716 | O27: =O26+L27 -> 3249.9894 | Q27: 3250 | R27: =IF(OR(Q27<A26, Q27>A27), "error", Q27-A26) -> 25 | S27: =A27-A26 -> 25 | T27: =H27 * (R27/S27) -> 0.00051673866 | U27: =IF(T27=0, E26, ACOS( (SIN(H27-T27)/SIN(H27))*COS(E26) + (SIN(T27)/SIN(H27))*COS(E27) )) -> 0.015184364 | V27: =DEGREES(U27) -> 0.87 | W27: =IF(T27=0, F26, ATAN2( SIN(E26)*COS(F26)*SIN(H27-T27) + SIN(E27)*COS(F27)*SIN(T27), SIN(E26)*SIN(F26)*SIN(H27-T27) + SIN(E27)*SIN(F27)*SIN(T27) )) -> 1.2325515 | X27: =MOD(DEGREES(W27), 360) -> 70.62 | Z27: =IF(T27=0, 1, 2*TAN(T27/2)/T27) -> 1 | AA27: =0.5*R27*Z27 * (SIN(E26)*COS(F26) + SIN(U27)*COS(W27)) -> 0.13201745 | AB27: =0.5*R27*Z27 * (SIN(E26)*SIN(F26) + SIN(U27)*SIN(W27)) -> 0.3558394 | AC27: =0.5*R27*Z27 * (COS(E26) + COS(U27)) -> 24.997119 | AD27: =M26+AA27 -> 0.66985526 | AE27: =N26+AB27 -> 1.3511716 | AF27: =O26+AC27 -> 3249.9894
A28: 3275 | B28: 0.83 | C28: 70.15 | E28: =RADIANS(B28) -> 0.014486233 | F28: =RADIANS(C28) -> 1.2243485 | H28: =ACOS(MAX(-1,MIN(1, COS(E28-E27)-SIN(E27)*SIN(E28)*(1-COS(F28-F27))))) -> 0.00070865231 | I28: =IF(H28=0, 1, 2*TAN(H28/2)/H28) -> 1 | J28: =0.5*(A28-A27)*I28 * (SIN(E27)*COS(F27) + SIN(E28)*COS(F28)) -> 0.12446524 | K28: =0.5*(A28-A27)*I28 * (SIN(E27)*SIN(F27) + SIN(E28)*SIN(F28)) -> 0.34935626 | L28: =0.5*(A28-A27)*I28 * (COS(E27) + COS(E28)) -> 24.997248 | M28: =M27+J28 -> 0.79432051 | N28: =N27+K28 -> 1.7005279 | O28: =O27+L28 -> 3274.9867 | Q28: 3260 | R28: =IF(OR(Q28<A27, Q28>A28), "error", Q28-A27) -> 10 | S28: =A28-A27 -> 25 | T28: =H28 * (R28/S28) -> 0.00028346092 | U28: =IF(T28=0, E27, ACOS( (SIN(H28-T28)/SIN(H28))*COS(E27) + (SIN(T28)/SIN(H28))*COS(E28) )) -> 0.014904993 | V28: =DEGREES(U28) -> 0.85399317 | W28: =IF(T28=0, F27, ATAN2( SIN(E27)*COS(F27)*SIN(H28-T28) + SIN(E28)*COS(F28)*SIN(T28), SIN(E27)*SIN(F27)*SIN(H28-T28) + SIN(E28)*SIN(F28)*SIN(T28) )) -> 1.2293625 | X28: =MOD(DEGREES(W28), 360) -> 70.437283 | Z28: =IF(T28=0, 1, 2*TAN(T28/2)/T28) -> 1 | AA28: =0.5*R28*Z28 * (SIN(E27)*COS(F27) + SIN(U28)*COS(W28)) -> 0.050145214 | AB28: =0.5*R28*Z28 * (SIN(E27)*SIN(F27) + SIN(U28)*SIN(W28)) -> 0.14183768 | AC28: =0.5*R28*Z28 * (COS(E27) + COS(U28)) -> 9.9988683 | AD28: =M27+AA28 -> 0.72000048 | AE28: =N27+AB28 -> 1.4930093 | AF28: =O27+AC28 -> 3259.9883
A29: 3300 | B29: 0.78 | C29: 65.7 | E29: =RADIANS(B29) -> 0.013613568 | F29: =RADIANS(C29) -> 1.1466813 | H29: =ACOS(MAX(-1,MIN(1, COS(E29-E28)-SIN(E28)*SIN(E29)*(1-COS(F29-F28))))) -> 0.0013965926 | I29: =IF(H29=0, 1, 2*TAN(H29/2)/H29) -> 1.0000002 | J29: =0.5*(A29-A28)*I29 * (SIN(E28)*COS(F28) + SIN(E29)*COS(F29)) -> 0.13150955 | K29: =0.5*(A29-A28)*I29 * (SIN(E28)*SIN(F28) + SIN(E29)*SIN(F29)) -> 0.32540157 | L29: =0.5*(A29-A28)*I29 * (COS(E28) + COS(E29)) -> 24.997534 | M29: =M28+J29 -> 0.92583006 | N29: =N28+K29 -> 2.0259294 | O29: =O28+L29 -> 3299.9842 | Q29: 3290 | R29: =IF(OR(Q29<A28, Q29>A29), "error", Q29-A28) -> 15 | S29: =A29-A28 -> 25 | T29: =H29 * (R29/S29) -> 0.00083795559 | U29: =IF(T29=0, E28, ACOS( (SIN(H29-T29)/SIN(H29))*COS(E28) + (SIN(T29)/SIN(H29))*COS(E29) )) -> 0.013952413 | V29: =DEGREES(U29) -> 0.79941437 | W29: =IF(T29=0, F28, ATAN2( SIN(E28)*COS(F28)*SIN(H29-T29) + SIN(E29)*COS(F29)*SIN(T29), SIN(E28)*SIN(F28)*SIN(H29-T29) + SIN(E29)*SIN(F29)*SIN(T29) )) -> 1.1789099 | X29: =MOD(DEGREES(W29), 360) -> 67.546561 | Z29: =IF(T29=0, 1, 2*TAN(T29/2)/T29) -> 1.0000001 | AA29: =0.5*R29*Z29 * (SIN(E28)*COS(F28) + SIN(U29)*COS(W29)) -> 0.076855985 | AB29: =0.5*R29*Z29 * (SIN(E28)*SIN(F28) + SIN(U29)*SIN(W29)) -> 0.1988949 | AC29: =0.5*R29*Z29 * (COS(E28) + COS(U29)) -> 14.998484 | AD29: =M28+AA29 -> 0.87117649 | AE29: =N28+AB29 -> 1.8994228 | AF29: =O28+AC29 -> 3289.9851
A30: 3325 | B30: 0.58 | C30: 60.97 | E30: =RADIANS(B30) -> 0.01012291 | F30: =RADIANS(C30) -> 1.0641272 | H30: =ACOS(MAX(-1,MIN(1, COS(E30-E29)-SIN(E29)*SIN(E30)*(1-COS(F30-F29))))) -> 0.0036226113 | I30: =IF(H30=0, 1, 2*TAN(H30/2)/H30) -> 1.0000011 | J30: =0.5*(A30-A29)*I30 * (SIN(E29)*COS(F29) + SIN(E30)*COS(F30)) -> 0.13142816 | K30: =0.5*(A30-A29)*I30 * (SIN(E29)*SIN(F29) + SIN(E30)*SIN(F30)) -> 0.26572581 | L30: =0.5*(A30-A29)*I30 * (COS(E29) + COS(E30)) -> 24.998229 | M30: =M29+J30 -> 1.0572582 | N30: =N29+K30 -> 2.2916553 | O30: =O29+L30 -> 3324.9824 | Q30: 3310 | R30: =IF(OR(Q30<A29, Q30>A30), "error", Q30-A29) -> 10 | S30: =A30-A29 -> 25 | T30: =H30 * (R30/S30) -> 0.0014490445 | U30: =IF(T30=0, E29, ACOS( (SIN(H30-T30)/SIN(H30))*COS(E29) + (SIN(T30)/SIN(H30))*COS(E30) )) -> 0.012208082 | V30: =DEGREES(U30) -> 0.6994716 | W30: =IF(T30=0, F29, ATAN2( SIN(E29)*COS(F29)*SIN(H30-T30) + SIN(E30)*COS(F30)*SIN(T30), SIN(E29)*SIN(F29)*SIN(H30-T30) + SIN(E30)*SIN(F30)*SIN(T30) )) -> 1.1193273 | X30: =MOD(DEGREES(W30), 360) -> 64.13273 | Z30: =IF(T30=0, 1, 2*TAN(T30/2)/T30) -> 1.0000002 | AA30: =0.5*R30*Z30 * (SIN(E29)*COS(F29) + SIN(U30)*COS(W30)) -> 0.054640567 | AB30: =0.5*R30*Z30 * (SIN(E29)*SIN(F29) + SIN(U30)*SIN(W30)) -> 0.11695859 | AC30: =0.5*R30*Z30 * (COS(E29) + COS(U30)) -> 9.9991658 | AD30: =M29+AA30 -> 0.98047063 | AE30: =N29+AB30 -> 2.142888 | AF30: =O29+AC30 -> 3309.9834
A31: 3350 | B31: 0.52 | C31: 66.2 | E31: =RADIANS(B31) -> 0.0090757121 | F31: =RADIANS(C31) -> 1.155408 | H31: =ACOS(MAX(-1,MIN(1, COS(E31-E30)-SIN(E30)*SIN(E31)*(1-COS(F31-F30))))) -> 0.0013643922 | I31: =IF(H31=0, 1, 2*TAN(H31/2)/H31) -> 1.0000002 | J31: =0.5*(A31-A30)*I31 * (SIN(E30)*COS(F30) + SIN(E31)*COS(F31)) -> 0.10718309 | K31: =0.5*(A31-A30)*I31 * (SIN(E30)*SIN(F30) + SIN(E31)*SIN(F31)) -> 0.21443467 | L31: =0.5*(A31-A30)*I31 * (COS(E30) + COS(E31)) -> 24.998849 | M31: =M30+J31 -> 1.1644413 | N31: =N30+K31 -> 2.5060899 | O31: =O30+L31 -> 3349.9813 | Q31: =A30+10 -> 3335 | R31: =IF(OR(Q31<A30, Q31>A31), "error", Q31-A30) -> 10 | S31: =A31-A30 -> 25 | T31: =H31 * (R31/S31) -> 0.0005457569 | U31: =IF(T31=0, E30, ACOS( (SIN(H31-T31)/SIN(H31))*COS(E30) + (SIN(T31)/SIN(H31))*COS(E31) )) -> 0.009694567 | V31: =DEGREES(U31) -> 0.55545777 | W31: =IF(T31=0, F30, ATAN2( SIN(E30)*COS(F30)*SIN(H31-T31) + SIN(E31)*COS(F31)*SIN(T31), SIN(E30)*SIN(F30)*SIN(H31-T31) + SIN(E31)*SIN(F31)*SIN(T31) )) -> 1.098268 | X31: =MOD(DEGREES(W31), 360) -> 62.926122 | Z31: =IF(T31=0, 1, 2*TAN(T31/2)/T31) -> 1 | AA31: =0.5*R31*Z31 * (SIN(E30)*COS(F30) + SIN(U31)*COS(W31)) -> 0.046622709 | AB31: =0.5*R31*Z31 * (SIN(E30)*SIN(F30) + SIN(U31)*SIN(W31)) -> 0.087415399 | AC31: =0.5*R31*Z31 * (COS(E30) + COS(U31)) -> 9.9995091 | AD31: =M30+AA31 -> 1.1038809 | AE31: =N30+AB31 -> 2.3790707 | AF31: =O30+AC31 -> 3334.9819
A32: 3375 | B32: 0.42 | C32: 67.5 | E32: =RADIANS(B32) -> 0.0073303829 | F32: =RADIANS(C32) -> 1.1780972 | H32: =ACOS(MAX(-1,MIN(1, COS(E32-E31)-SIN(E31)*SIN(E32)*(1-COS(F32-F31))))) -> 0.0017551128 | I32: =IF(H32=0, 1, 2*TAN(H32/2)/H32) -> 1.0000003 | J32: =0.5*(A32-A31)*I32 * (SIN(E31)*COS(F31) + SIN(E32)*COS(F32)) -> 0.080845041 | K32: =0.5*(A32-A31)*I32 * (SIN(E31)*SIN(F31) + SIN(E32)*SIN(F32)) -> 0.18845163 | L32: =0.5*(A32-A31)*I32 * (COS(E31) + COS(E32)) -> 24.999156 | M32: =M31+J32 -> 1.2452863 | N32: =N31+K32 -> 2.6945416 | O32: =O31+L32 -> 3374.9804 | Q32: =A31+10 -> 3360 | R32: =IF(OR(Q32<A31, Q32>A32), "error", Q32-A31) -> 10 | S32: =A32-A31 -> 25 | T32: =H32 * (R32/S32) -> 0.00070204513 | U32: =IF(T32=0, E31, ACOS( (SIN(H32-T32)/SIN(H32))*COS(E31) + (SIN(T32)/SIN(H32))*COS(E32) )) -> 0.0083770899 | V32: =DEGREES(U32) -> 0.47997189 | W32: =IF(T32=0, F31, ATAN2( SIN(E31)*COS(F31)*SIN(H32-T32) + SIN(E32)*COS(F32)*SIN(T32), SIN(E31)*SIN(F31)*SIN(H32-T32) + SIN(E32)*SIN(F32)*SIN(T32) )) -> 1.1633491 | X32: =MOD(DEGREES(W32), 360) -> 66.654994 | Z32: =IF(T32=0, 1, 2*TAN(T32/2)/T32) -> 1 | AA32: =0.5*R32*Z32 * (SIN(E31)*COS(F31) + SIN(U32)*COS(W32)) -> 0.034909675 | AB32: =0.5*R32*Z32 * (SIN(E31)*SIN(F31) + SIN(U32)*SIN(W32)) -> 0.07997505 | AC32: =0.5*R32*Z32 * (COS(E31) + COS(U32)) -> 9.9996191 | AD32: =M31+AA32 -> 1.199351 | AE32: =N31+AB32 -> 2.586065 | AF32: =O31+AC32 -> 3359.9809
A33: 3400 | B33: 0.32 | C33: 75.18 | E33: =RADIANS(B33) -> 0.0055850536 | F33: =RADIANS(C33) -> 1.3121385 | H33: =ACOS(MAX(-1,MIN(1, COS(E33-E32)-SIN(E32)*SIN(E33)*(1-COS(F33-F32))))) -> 0.0019443883 | I33: =IF(H33=0, 1, 2*TAN(H33/2)/H33) -> 1.0000003 | J33: =0.5*(A33-A32)*I33 * (SIN(E32)*COS(F32) + SIN(E33)*COS(F33)) -> 0.052921849 | K33: =0.5*(A33-A32)*I33 * (SIN(E32)*SIN(F32) + SIN(E33)*SIN(F33)) -> 0.1521446 | L33: =0.5*(A33-A32)*I33 * (COS(E32) + COS(E33)) -> 24.999477 | M33: =M32+J33 -> 1.2982082 | N33: =N32+K33 -> 2.8466861 | O33: =O32+L33 -> 3399.9799 | Q33: =A32+10 -> 3385 | R33: =IF(OR(Q33<A32, Q33>A33), "error", Q33-A32) -> 10 | S33: =A33-A32 -> 25 | T33: =H33 * (R33/S33) -> 0.0007777553 | U33: =IF(T33=0, E32, ACOS( (SIN(H33-T33)/SIN(H33))*COS(E32) + (SIN(T33)/SIN(H33))*COS(E33) )) -> 0.0066189489 | V33: =DEGREES(U33) -> 0.37923784 | W33: =IF(T33=0, F32, ATAN2( SIN(E32)*COS(F32)*SIN(H33-T33) + SIN(E33)*COS(F33)*SIN(T33), SIN(E32)*SIN(F32)*SIN(H33-T33) + SIN(E33)*SIN(F33)*SIN(T33) )) -> 1.2232188 | X33: =MOD(DEGREES(W33), 360) -> 70.085275 | Z33: =IF(T33=0, 1, 2*TAN(T33/2)/T33) -> 1.0000001 | AA33: =0.5*R33*Z33 * (SIN(E32)*COS(F32) + SIN(U33)*COS(W33)) -> 0.025298645 | AB33: =0.5*R33*Z33 * (SIN(E32)*SIN(F32) + SIN(U33)*SIN(W33)) -> 0.064977126 | AC33: =0.5*R33*Z33 * (COS(E32) + COS(U33)) -> 9.9997566 | AD33: =M32+AA33 -> 1.270585 | AE33: =N32+AB33 -> 2.7595187 | AF33: =O32+AC33 -> 3384.9802
A34: 3425 | B34: 0.2 | C34: 54.48 | E34: =RADIANS(B34) -> 0.0034906585 | F34: =RADIANS(C34) -> 0.95085538 | H34: =ACOS(MAX(-1,MIN(1, COS(E34-E33)-SIN(E33)*SIN(E34)*(1-COS(F34-F33))))) -> 0.0026274662 | I34: =IF(H34=0, 1, 2*TAN(H34/2)/H34) -> 1.0000006 | J34: =0.5*(A34-A33)*I34 * (SIN(E33)*COS(F33) + SIN(E34)*COS(F34)) -> 0.043207263 | K34: =0.5*(A34-A33)*I34 * (SIN(E33)*SIN(F33) + SIN(E34)*SIN(F34)) -> 0.10300406 | L34: =0.5*(A34-A33)*I34 * (COS(E33) + COS(E34)) -> 24.999743 | M34: =M33+J34 -> 1.3414155 | N34: =N33+K34 -> 2.9496902 | O34: =O33+L34 -> 3424.9796 | Q34: =A33+10 -> 3410 | R34: =IF(OR(Q34<A33, Q34>A34), "error", Q34-A33) -> 10 | S34: =A34-A33 -> 25 | T34: =H34 * (R34/S34) -> 0.0010509865 | U34: =IF(T34=0, E33, ACOS( (SIN(H34-T34)/SIN(H34))*COS(E33) + (SIN(T34)/SIN(H34))*COS(E34) )) -> 0.004683238 | V34: =DEGREES(U34) -> 0.26832977 | W34: =IF(T34=0, F33, ATAN2( SIN(E33)*COS(F33)*SIN(H34-T34) + SIN(E34)*COS(F34)*SIN(T34), SIN(E33)*SIN(F33)*SIN(H34-T34) + SIN(E34)*SIN(F34)*SIN(T34) )) -> 1.206557 | X34: =MOD(DEGREES(W34), 360) -> 69.130624 | Z34: =IF(T34=0, 1, 2*TAN(T34/2)/T34) -> 1.0000001 | AA34: =0.5*R34*Z34 * (SIN(E33)*COS(F33) + SIN(U34)*COS(W34)) -> 0.0154845 | AB34: =0.5*R34*Z34 * (SIN(E33)*SIN(F33) + SIN(U34)*SIN(W34)) -> 0.048876066 | AC34: =0.5*R34*Z34 * (COS(E33) + COS(U34)) -> 9.9998681 | AD34: =M33+AA34 -> 1.3136927 | AE34: =N33+AB34 -> 2.8955622 | AF34: =O33+AC34 -> 3409.9798
A35: 3450 | B35: 0.08 | C35: 28.03 | E35: =RADIANS(B35) -> 0.0013962634 | F35: =RADIANS(C35) -> 0.48921579 | H35: =ACOS(MAX(-1,MIN(1, COS(E35-E34)-SIN(E34)*SIN(E35)*(1-COS(F35-F34))))) -> 0.0023252637 | I35: =IF(H35=0, 1, 2*TAN(H35/2)/H35) -> 1.0000005 | J35: =0.5*(A35-A34)*I35 * (SIN(E34)*COS(F34) + SIN(E35)*COS(F35)) -> 0.040756357 | K35: =0.5*(A35-A34)*I35 * (SIN(E34)*SIN(F34) + SIN(E35)*SIN(F35)) -> 0.043715481 | L35: =0.5*(A35-A34)*I35 * (COS(E34) + COS(E35)) -> 24.999923 | M35: =M34+J35 -> 1.3821718 | N35: =N34+K35 -> 2.9934057 | O35: =O34+L35 -> 3449.9796 | Q35: =A34+10 -> 3435 | R35: =IF(OR(Q35<A34, Q35>A35), "error", Q35-A34) -> 10 | S35: =A35-A34 -> 25 | T35: =H35 * (R35/S35) -> 0.00093010549 | U35: =IF(T35=0, E34, ACOS( (SIN(H35-T35)/SIN(H35))*COS(E34) + (SIN(T35)/SIN(H35))*COS(E35) )) -> 0.0026063374 | V35: =DEGREES(U35) -> 0.14933213 | W35: =IF(T35=0, F34, ATAN2( SIN(E34)*COS(F34)*SIN(H35-T35) + SIN(E35)*COS(F35)*SIN(T35), SIN(E34)*SIN(F34)*SIN(H35-T35) + SIN(E35)*SIN(F35)*SIN(T35) )) -> 0.85526251 | X35: =MOD(DEGREES(W35), 360) -> 49.002932 | Z35: =IF(T35=0, 1, 2*TAN(T35/2)/T35) -> 1.0000001 | AA35: =0.5*R35*Z35 * (SIN(E34)*COS(F34) + SIN(U35)*COS(W35)) -> 0.018689162 | AB35: =0.5*R35*Z35 * (SIN(E34)*SIN(F34) + SIN(U35)*SIN(W35)) -> 0.024040996 | AC35: =0.5*R35*Z35 * (COS(E34) + COS(U35)) -> 9.9999533 | AD35: =M34+AA35 -> 1.3601046 | AE35: =N34+AB35 -> 2.9737312 | AF35: =O34+AC35 -> 3434.9796
A36: 3475 | B36: 0.13 | C36: 354.18 | E36: =RADIANS(B36) -> 0.002268928 | F36: =RADIANS(C36) -> 6.1816071 | H36: =ACOS(MAX(-1,MIN(1, COS(E36-E35)-SIN(E35)*SIN(E36)*(1-COS(F36-F35))))) -> 0.0013548099 | I36: =IF(H36=0, 1, 2*TAN(H36/2)/H36) -> 1.0000002 | J36: =0.5*(A36-A35)*I36 * (SIN(E35)*COS(F35) + SIN(E36)*COS(F36)) -> 0.043621435 | K36: =0.5*(A36-A35)*I36 * (SIN(E35)*SIN(F35) + SIN(E36)*SIN(F36)) -> 0.0053259253 | L36: =0.5*(A36-A35)*I36 * (COS(E35) + COS(E36)) -> 24.999959 | M36: =M35+J36 -> 1.4257932 | N36: =N35+K36 -> 2.9987316 | O36: =O35+L36 -> 3474.9795 | Q36: =A35+10 -> 3460 | R36: =IF(OR(Q36<A35, Q36>A36), "error", Q36-A35) -> 10 | S36: =A36-A35 -> 25 | T36: =H36 * (R36/S36) -> 0.00054192397 | U36: =IF(T36=0, E35, ACOS( (SIN(H36-T36)/SIN(H36))*COS(E35) + (SIN(T36)/SIN(H36))*COS(E36) )) -> 0.001669857 | V36: =DEGREES(U36) -> 0.09567576 | W36: =IF(T36=0, F35, ATAN2( SIN(E35)*COS(F35)*SIN(H36-T36) + SIN(E36)*COS(F36)*SIN(T36), SIN(E35)*SIN(F35)*SIN(H36-T36) + SIN(E36)*SIN(F36)*SIN(T36) )) -> 0.18164749 | X36: =MOD(DEGREES(W36), 360) -> 10.407635 | Z36: =IF(T36=0, 1, 2*TAN(T36/2)/T36) -> 1 | AA36: =0.5*R36*Z36 * (SIN(E35)*COS(F35) + SIN(U36)*COS(W36)) -> 0.014374332 | AB36: =0.5*R36*Z36 * (SIN(E35)*SIN(F35) + SIN(U36)*SIN(W36)) -> 0.0047890553 | AC36: =0.5*R36*Z36 * (COS(E35) + COS(U36)) -> 9.9999884 | AD36: =M35+AA36 -> 1.3965461 | AE36: =N35+AB36 -> 2.9981947 | AF36: =O35+AC36 -> 3459.9796
A37: 3500 | B37: 0.07 | C37: 289.58 | E37: =RADIANS(B37) -> 0.0012217305 | F37: =RADIANS(C37) -> 5.0541244 | H37: =ACOS(MAX(-1,MIN(1, COS(E37-E36)-SIN(E36)*SIN(E37)*(1-COS(F37-F36))))) -> 0.0020646126 | I37: =IF(H37=0, 1, 2*TAN(H37/2)/H37) -> 1.0000004 | J37: =0.5*(A37-A36)*I37 * (SIN(E36)*COS(F36) + SIN(E37)*COS(F37)) -> 0.033333264 | K37: =0.5*(A37-A36)*I37 * (SIN(E36)*SIN(F36) + SIN(E37)*SIN(F37)) -> -0.017264509 | L37: =0.5*(A37-A36)*I37 * (COS(E36) + COS(E37)) -> 24.999967 | M37: =M36+J37 -> 1.4591265 | N37: =N36+K37 -> 2.9814671 | O37: =O36+L37 -> 3499.9795 | Q37: =A36+10 -> 3485 | R37: =IF(OR(Q37<A36, Q37>A37), "error", Q37-A36) -> 10 | S37: =A37-A36 -> 25 | T37: =H37 * (R37/S37) -> 0.00082584506 | U37: =IF(T37=0, E36, ACOS( (SIN(H37-T37)/SIN(H37))*COS(E36) + (SIN(T37)/SIN(H37))*COS(E37) )) -> 0.0016318214 | V37: =DEGREES(U37) -> 0.093496481 | W37: =IF(T37=0, F36, ATAN2( SIN(E36)*COS(F36)*SIN(H37-T37) + SIN(E37)*COS(F37)*SIN(T37), SIN(E36)*SIN(F36)*SIN(H37-T37) + SIN(E37)*SIN(F37)*SIN(T37) )) -> -0.37551952 | X37: =MOD(DEGREES(W37), 360) -> 338.48432 | Z37: =IF(T37=0, 1, 2*TAN(T37/2)/T37) -> 1.0000001 | AA37: =0.5*R37*Z37 * (SIN(E36)*COS(F36) + SIN(U37)*COS(W37)) -> 0.018876709 | AB37: =0.5*R37*Z37 * (SIN(E36)*SIN(F36) + SIN(U37)*SIN(W37)) -> -0.0041427856 | AC37: =0.5*R37*Z37 * (COS(E36) + COS(U37)) -> 9.999981 | AD37: =M36+AA37 -> 1.44467 | AE37: =N36+AB37 -> 2.9945888 | AF37: =O36+AC37 -> 3484.9795
A38: 3525 | B38: 0.12 | C38: 353.72 | E38: =RADIANS(B38) -> 0.0020943951 | F38: =RADIANS(C38) -> 6.1735786 | H38: =ACOS(MAX(-1,MIN(1, COS(E38-E37)-SIN(E37)*SIN(E38)*(1-COS(F38-F37))))) -> 0.0019097026 | I38: =IF(H38=0, 1, 2*TAN(H38/2)/H38) -> 1.0000003 | J38: =0.5*(A38-A37)*I38 * (SIN(E37)*COS(F37) + SIN(E38)*COS(F38)) -> 0.031140698 | K38: =0.5*(A38-A37)*I38 * (SIN(E37)*SIN(F37) + SIN(E38)*SIN(F38)) -> -0.017252295 | L38: =0.5*(A38-A37)*I38 * (COS(E37) + COS(E38)) -> 24.999971 | M38: =M37+J38 -> 1.4902672 | N38: =N37+K38 -> 2.9642148 | O38: =O37+L38 -> 3524.9795 | Q38: =A37+10 -> 3510 | R38: =IF(OR(Q38<A37, Q38>A38), "error", Q38-A37) -> 10 | S38: =A38-A37 -> 25 | T38: =H38 * (R38/S38) -> 0.00076388104 | U38: =IF(T38=0, E37, ACOS( (SIN(H38-T38)/SIN(H38))*COS(E37) + (SIN(T38)/SIN(H38))*COS(E38) )) -> 0.001332254 | V38: =DEGREES(U38) -> 0.076332529 | W38: =IF(T38=0, F37, ATAN2( SIN(E37)*COS(F37)*SIN(H38-T38) + SIN(E38)*COS(F38)*SIN(T38), SIN(E37)*SIN(F37)*SIN(H38-T38) + SIN(E38)*SIN(F38)*SIN(T38) )) -> -0.62758686 | X38: =MOD(DEGREES(W38), 360) -> 324.04192 | Z38: =IF(T38=0, 1, 2*TAN(T38/2)/T38) -> 1 | AA38: =0.5*R38*Z38 * (SIN(E37)*COS(F37) + SIN(U38)*COS(W38)) -> 0.0074390902 | AB38: =0.5*R38*Z38 * (SIN(E37)*SIN(F37) + SIN(U38)*SIN(W38)) -> -0.0096668664 | AC38: =0.5*R38*Z38 * (COS(E37) + COS(U38)) -> 9.9999923 | AD38: =M37+AA38 -> 1.4665656 | AE38: =N37+AB38 -> 2.9718002 | AF38: =O37+AC38 -> 3509.9795
A39: 3550 | B39: 0.18 | C39: 356.23 | E39: =RADIANS(B39) -> 0.0031415927 | F39: =RADIANS(C39) -> 6.2173864 | H39: =ACOS(MAX(-1,MIN(1, COS(E39-E38)-SIN(E38)*SIN(E39)*(1-COS(F39-F38))))) -> 0.0010532084 | I39: =IF(H39=0, 1, 2*TAN(H39/2)/H39) -> 1.0000001 | J39: =0.5*(A39-A38)*I39 * (SIN(E38)*COS(F38) + SIN(E39)*COS(F39)) -> 0.06520769 | K39: =0.5*(A39-A38)*I39 * (SIN(E38)*SIN(F38) + SIN(E39)*SIN(F39)) -> -0.0054458014 | L39: =0.5*(A39-A38)*I39 * (COS(E38) + COS(E39)) -> 24.999913 | M39: =M38+J39 -> 1.5554749 | N39: =N38+K39 -> 2.958769 | O39: =O38+L39 -> 3549.9794 | Q39: =A38+10 -> 3535 | R39: =IF(OR(Q39<A38, Q39>A39), "error", Q39-A38) -> 10 | S39: =A39-A38 -> 25 | T39: =H39 * (R39/S39) -> 0.00042128337 | U39: =IF(T39=0, E38, ACOS( (SIN(H39-T39)/SIN(H39))*COS(E38) + (SIN(T39)/SIN(H39))*COS(E39) )) -> 0.0025126712 | V39: =DEGREES(U39) -> 0.14396546 | W39: =IF(T39=0, F38, ATAN2( SIN(E38)*COS(F38)*SIN(H39-T39) + SIN(E39)*COS(F39)*SIN(T39), SIN(E38)*SIN(F38)*SIN(H39-T39) + SIN(E39)*SIN(F39)*SIN(T39) )) -> -0.087702805 | X39: =MOD(DEGREES(W39), 360) -> 354.975 | Z39: =IF(T39=0, 1, 2*TAN(T39/2)/T39) -> 1 | AA39: =0.5*R39*Z39 * (SIN(E38)*COS(F38) + SIN(U39)*COS(W39)) -> 0.022924185 | AB39: =0.5*R39*Z39 * (SIN(E38)*SIN(F38) + SIN(U39)*SIN(W39)) -> -0.0022459292 | AC39: =0.5*R39*Z39 * (COS(E38) + COS(U39)) -> 9.9999734 | AD39: =M38+AA39 -> 1.5131914 | AE39: =N38+AB39 -> 2.9619689 | AF39: =O38+AC39 -> 3534.9794
A40: 3575 | B40: 0.13 | C40: 333.68 | E40: =RADIANS(B40) -> 0.002268928 | F40: =RADIANS(C40) -> 5.8238146 | H40: =ACOS(MAX(-1,MIN(1, COS(E40-E39)-SIN(E39)*SIN(E40)*(1-COS(F40-F39))))) -> 0.0013606938 | I40: =IF(H40=0, 1, 2*TAN(H40/2)/H40) -> 1.0000002 | J40: =0.5*(A40-A39)*I40 * (SIN(E39)*COS(F39) + SIN(E40)*COS(F40)) -> 0.064606255 | K40: =0.5*(A40-A39)*I40 * (SIN(E39)*SIN(F39) + SIN(E40)*SIN(F40)) -> -0.015157123 | L40: =0.5*(A40-A39)*I40 * (COS(E39) + COS(E40)) -> 24.99991 | M40: =M39+J40 -> 1.6200812 | N40: =N39+K40 -> 2.9436119 | O40: =O39+L40 -> 3574.9793 | Q40: =A39+10 -> 3560 | R40: =IF(OR(Q40<A39, Q40>A40), "error", Q40-A39) -> 10 | S40: =A40-A39 -> 25 | T40: =H40 * (R40/S40) -> 0.00054427752 | U40: =IF(T40=0, E39, ACOS( (SIN(H40-T40)/SIN(H40))*COS(E39) + (SIN(T40)/SIN(H40))*COS(E40) )) -> 0.0027452905 | V40: =DEGREES(U40) -> 0.15729356 | W40: =IF(T40=0, F39, ATAN2( SIN(E39)*COS(F39)*SIN(H40-T40) + SIN(E40)*COS(F40)*SIN(T40), SIN(E39)*SIN(F39)*SIN(H40-T40) + SIN(E40)*SIN(F40)*SIN(T40) )) -> -0.19291968 | X40: =MOD(DEGREES(W40), 360) -> 348.94652 | Z40: =IF(T40=0, 1, 2*TAN(T40/2)/T40) -> 1 | AA40: =0.5*R40*Z40 * (SIN(E39)*COS(F39) + SIN(U40)*COS(W40)) -> 0.029145738 | AB40: =0.5*R40*Z40 * (SIN(E39)*SIN(F39) + SIN(U40)*SIN(W40)) -> -0.0036645235 | AC40: =0.5*R40*Z40 * (COS(E39) + COS(U40)) -> 9.9999567 | AD40: =M39+AA40 -> 1.5846206 | AE40: =N39+AB40 -> 2.9551045 | AF40: =O39+AC40 -> 3559.9793
A41: 3600 | B41: 0.23 | C41: 12.47 | E41: =RADIANS(B41) -> 0.0040142573 | F41: =RADIANS(C41) -> 0.21764256 | H41: =ACOS(MAX(-1,MIN(1, COS(E41-E40)-SIN(E40)*SIN(E41)*(1-COS(F41-F40))))) -> 0.0026577769 | I41: =IF(H41=0, 1, 2*TAN(H41/2)/H41) -> 1.0000006 | J41: =0.5*(A41-A40)*I41 * (SIN(E40)*COS(F40) + SIN(E41)*COS(F41)) -> 0.074415764 | K41: =0.5*(A41-A40)*I41 * (SIN(E40)*SIN(F40) + SIN(E41)*SIN(F41)) -> -0.0017402001 | L41: =0.5*(A41-A40)*I41 * (COS(E40) + COS(E41)) -> 24.999882 | M41: =M40+J41 -> 1.6944969 | N41: =N40+K41 -> 2.9418717 | O41: =O40+L41 -> 3599.9792 | Q41: =A40+10 -> 3585 | R41: =IF(OR(Q41<A40, Q41>A41), "error", Q41-A40) -> 10 | S41: =A41-A40 -> 25 | T41: =H41 * (R41/S41) -> 0.0010631107 | U41: =IF(T41=0, E40, ACOS( (SIN(H41-T41)/SIN(H41))*COS(E40) + (SIN(T41)/SIN(H41))*COS(E41) )) -> 0.0027998609 | V41: =DEGREES(U41) -> 0.16042021 | W41: =IF(T41=0, F40, ATAN2( SIN(E40)*COS(F40)*SIN(H41-T41) + SIN(E41)*COS(F41)*SIN(T41), SIN(E40)*SIN(F40)*SIN(H41-T41) + SIN(E41)*SIN(F41)*SIN(T41) )) -> -0.091879478 | X41: =MOD(DEGREES(W41), 360) -> 354.73569 | Z41: =IF(T41=0, 1, 2*TAN(T41/2)/T41) -> 1.0000001 | AA41: =0.5*R41*Z41 * (SIN(E40)*COS(F40) + SIN(U41)*COS(W41)) -> 0.024108792 | AB41: =0.5*R41*Z41 * (SIN(E40)*SIN(F40) + SIN(U41)*SIN(W41)) -> -0.0063144675 | AC41: =0.5*R41*Z41 * (COS(E40) + COS(U41)) -> 9.9999685 | AD41: =M40+AA41 -> 1.6441899 | AE41: =N40+AB41 -> 2.9372974 | AF41: =O40+AC41 -> 3584.9793
A42: 3625 | B42: 0.22 | C42: 5.18 | E42: =RADIANS(B42) -> 0.0038397244 | F42: =RADIANS(C42) -> 0.090408055 | H42: =ACOS(MAX(-1,MIN(1, COS(E42-E41)-SIN(E41)*SIN(E42)*(1-COS(F42-F41))))) -> 0.00052881905 | I42: =IF(H42=0, 1, 2*TAN(H42/2)/H42) -> 1 | J42: =0.5*(A42-A41)*I42 * (SIN(E41)*COS(F41) + SIN(E42)*COS(F42)) -> 0.09679476 | K42: =0.5*(A42-A41)*I42 * (SIN(E41)*SIN(F41) + SIN(E42)*SIN(F42)) -> 0.015168229 | L42: =0.5*(A42-A41)*I42 * (COS(E41) + COS(E42)) -> 24.999808 | M42: =M41+J42 -> 1.7912917 | N42: =N41+K42 -> 2.9570399 | O42: =O41+L42 -> 3624.979 | Q42: =A41+10 -> 3610 | R42: =IF(OR(Q42<A41, Q42>A42), "error", Q42-A41) -> 10 | S42: =A42-A41 -> 25 | T42: =H42 * (R42/S42) -> 0.00021152762 | U42: =IF(T42=0, E41, ACOS( (SIN(H42-T42)/SIN(H42))*COS(E41) + (SIN(T42)/SIN(H42))*COS(E42) )) -> 0.0039368559 | V42: =DEGREES(U42) -> 0.22556523 | W42: =IF(T42=0, F41, ATAN2( SIN(E41)*COS(F41)*SIN(H42-T42) + SIN(E42)*COS(F42)*SIN(T42), SIN(E41)*SIN(F41)*SIN(H42-T42) + SIN(E42)*SIN(F42)*SIN(T42) )) -> 0.168118 | X42: =MOD(DEGREES(W42), 360) -> 9.6324517 | Z42: =IF(T42=0, 1, 2*TAN(T42/2)/T42) -> 1 | AA42: =0.5*R42*Z42 * (SIN(E41)*COS(F41) + SIN(U42)*COS(W42)) -> 0.039004445 | AB42: =0.5*R42*Z42 * (SIN(E41)*SIN(F41) + SIN(U42)*SIN(W42)) -> 0.0076276555 | AC42: =0.5*R42*Z42 * (COS(E41) + COS(U42)) -> 9.999921 | AD42: =M41+AA42 -> 1.7335014 | AE42: =N41+AB42 -> 2.9494993 | AF42: =O41+AC42 -> 3609.9791
... A100: 5995 | B100: 13.88 | C100: 250.32 | E100: =RADIANS(B100) -> 0.2422517 | F100: =RADIANS(C100) -> 4.3689082 | H100: =ACOS(MAX(-1,MIN(1, COS(E100-E99)-SIN(E99)*SIN(E100)*(1-COS(F100-F99))))) -> 0.059774322 | I100: =IF(H100=0, 1, 2*TAN(H100/2)/H100) -> 1.0002979 | J100: =0.5*(A100-A99)*I100 * (SIN(E99)*COS(F99) + SIN(E100)*COS(F100)) -> -5.6828555 | K100: =0.5*(A100-A99)*I100 * (SIN(E99)*SIN(F99) + SIN(E100)*SIN(F100)) -> -20.32337 | L100: =0.5*(A100-A99)*I100 * (COS(E99) + COS(E100)) -> 95.685979 | M100: =M99+J100 -> -6.9023233 | N100: =N99+K100 -> -57.782649 | O100: =O99+L100 -> 5989.7126 | Q100: =A99+10 -> 5907 | R100: =IF(OR(Q100<A99, Q100>A100), "error", Q100-A99) -> 10 | S100: =A100-A99 -> 98 | T100: =H100 * (R100/S100) -> 0.0060994206 | U100: =IF(T100=0, E99, ACOS( (SIN(H100-T100)/SIN(H100))*COS(E99) + (SIN(T100)/SIN(H100))*COS(E100) )) -> 0.19794653 | V100: =DEGREES(U100) -> 11.341501 | W100: =IF(T100=0, F99, ATAN2( SIN(E99)*COS(F99)*SIN(H100-T100) + SIN(E100)*COS(F100)*SIN(T100), SIN(E99)*SIN(F99)*SIN(H100-T100) + SIN(E100)*SIN(F100)*SIN(T100) )) -> -1.7746923 | X100: =MOD(DEGREES(W100), 360) -> 258.31762 | Z100: =IF(T100=0, 1, 2*TAN(T100/2)/T100) -> 1.0000031 | AA100: =0.5*R100*Z100 * (SIN(E99)*COS(F99) + SIN(U100)*COS(W100)) -> -0.37487934 | AB100: =0.5*R100*Z100 * (SIN(E99)*SIN(F99) + SIN(U100)*SIN(W100)) -> -1.9067309 | AC100: =0.5*R100*Z100 * (COS(E99) + COS(U100)) -> 9.8093594 | AD100: =M99+AA100 -> -1.5943472 | AE100: =N99+AB100 -> -39.36601 | AF100: =O99+AC100 -> 5903.836
A101: 6091 | B101: 16.27 | C101: 240.12 | E101: =RADIANS(B101) -> 0.28396507 | F101: =RADIANS(C101) -> 4.1908846 | H101: =ACOS(MAX(-1,MIN(1, COS(E101-E100)-SIN(E100)*SIN(E101)*(1-COS(F101-F100))))) -> 0.062172114 | I101: =IF(H101=0, 1, 2*TAN(H101/2)/H101) -> 1.0003222 | J101: =0.5*(A101-A100)*I101 * (SIN(E100)*COS(F100) + SIN(E101)*COS(F101)) -> -10.580701 | K101: =0.5*(A101-A100)*I101 * (SIN(E100)*SIN(F100) + SIN(E101)*SIN(F101)) -> -22.509599 | L101: =0.5*(A101-A100)*I101 * (COS(E100) + COS(E101)) -> 92.705979 | M101: =M100+J101 -> -17.483024 | N101: =N100+K101 -> -80.292248 | O101: =O100+L101 -> 6082.4186 | Q101: 6060 | R101: =IF(OR(Q101<A100, Q101>A101), "error", Q101-A100) -> 65 | S101: =A101-A100 -> 96 | T101: =H101 * (R101/S101) -> 0.042095702 | U101: =IF(T101=0, E100, ACOS( (SIN(H101-T101)/SIN(H101))*COS(E100) + (SIN(T101)/SIN(H101))*COS(E101) )) -> 0.26965451 | V101: =DEGREES(U101) -> 15.450065 | W101: =IF(T101=0, F100, ATAN2( SIN(E100)*COS(F100)*SIN(H101-T101) + SIN(E101)*COS(F101)*SIN(T101), SIN(E100)*SIN(F100)*SIN(H101-T101) + SIN(E101)*SIN(F101)*SIN(T101) )) -> -2.0407549 | X101: =MOD(DEGREES(W101), 360) -> 243.07336 | Z101: =IF(T101=0, 1, 2*TAN(T101/2)/T101) -> 1.0001477 | AA101: =0.5*R101*Z101 * (SIN(E100)*COS(F100) + SIN(U101)*COS(W101)) -> -6.5472801 | AB101: =0.5*R101*Z101 * (SIN(E100)*SIN(F100) + SIN(U101)*SIN(W101)) -> -15.062536 | AC101: =0.5*R101*Z101 * (COS(E100) + COS(U101)) -> 62.885843 | AD101: =M100+AA101 -> -13.449603 | AE101: =N100+AB101 -> -72.845186 | AF101: =O100+AC101 -> 6052.5985
A102: 6186 | B102: 17.83 | C102: 236.25 | E102: =RADIANS(B102) -> 0.31119221 | F102: =RADIANS(C102) -> 4.1233404 | H102: =ACOS(MAX(-1,MIN(1, COS(E102-E101)-SIN(E101)*SIN(E102)*(1-COS(F102-F101))))) -> 0.033654086 | I102: =IF(H102=0, 1, 2*TAN(H102/2)/H102) -> 1.0000944 | J102: =0.5*(A102-A101)*I102 * (SIN(E101)*COS(F101) + SIN(E102)*COS(F102)) -> -14.711462 | K102: =0.5*(A102-A101)*I102 * (SIN(E101)*SIN(F101) + SIN(E102)*SIN(F102)) -> -23.634095 | L102: =0.5*(A102-A101)*I102 * (COS(E101) + COS(E102)) -> 90.824835 | M102: =M101+J102 -> -32.194486 | N102: =N101+K102 -> -103.92634 | O102: =O101+L102 -> 6173.2435 | Q102: =A101+10 -> 6101 | R102: =IF(OR(Q102<A101, Q102>A102), "error", Q102-A101) -> 10 | S102: =A102-A101 -> 95 | T102: =H102 * (R102/S102) -> 0.0035425354 | U102: =IF(T102=0, E101, ACOS( (SIN(H102-T102)/SIN(H102))*COS(E101) + (SIN(T102)/SIN(H102))*COS(E102) )) -> 0.28676874 | V102: =DEGREES(U102) -> 16.430638 | W102: =IF(T102=0, F101, ATAN2( SIN(E101)*COS(F101)*SIN(H102-T102) + SIN(E102)*COS(F102)*SIN(T102), SIN(E101)*SIN(F101)*SIN(H102-T102) + SIN(E102)*SIN(F102)*SIN(T102) )) -> -2.099993 | X102: =MOD(DEGREES(W102), 360) -> 239.67927 | Z102: =IF(T102=0, 1, 2*TAN(T102/2)/T102) -> 1.000001 | AA102: =0.5*R102*Z102 * (SIN(E101)*COS(F101) + SIN(U102)*COS(W102)) -> -1.4118505 | AB102: =0.5*R102*Z102 * (SIN(E101)*SIN(F101) + SIN(U102)*SIN(W102)) -> -2.4354309 | AC102: =0.5*R102*Z102 * (COS(E101) + COS(U102)) -> 9.5955849 | AD102: =M101+AA102 -> -18.894875 | AE102: =N101+AB102 -> -82.727679 | AF102: =O101+AC102 -> 6092.0142
A103: 6281 | B103: 17.83 | C103: 230.27 | E103: =RADIANS(B103) -> 0.31119221 | F103: =RADIANS(C103) -> 4.0189697 | H103: =ACOS(MAX(-1,MIN(1, COS(E103-E102)-SIN(E102)*SIN(E103)*(1-COS(F103-F102))))) -> 0.031944513 | I103: =IF(H103=0, 1, 2*TAN(H103/2)/H103) -> 1.000085 | J103: =0.5*(A103-A102)*I103 * (SIN(E102)*COS(F102) + SIN(E103)*COS(F103)) -> -17.378034 | K103: =0.5*(A103-A102)*I103 * (SIN(E102)*SIN(F102) + SIN(E103)*SIN(F103)) -> -23.280484 | L103: =0.5*(A103-A102)*I103 * (COS(E102) + COS(E103)) -> 90.444765 | M103: =M102+J103 -> -49.572519 | N103: =N102+K103 -> -127.20683 | O103: =O102+L103 -> 6263.6882 | Q103: =A102+10 -> 6196 | R103: =IF(OR(Q103<A102, Q103>A103), "error", Q103-A102) -> 10 | S103: =A103-A102 -> 95 | T103: =H103 * (R103/S103) -> 0.0033625803 | U103: =IF(T103=0, E102, ACOS( (SIN(H103-T103)/SIN(H103))*COS(E102) + (SIN(T103)/SIN(H103))*COS(E103) )) -> 0.31104275 | V103: =DEGREES(U103) -> 17.821437 | W103: =IF(T103=0, F102, ATAN2( SIN(E102)*COS(F102)*SIN(H103-T103) + SIN(E103)*COS(F103)*SIN(T103), SIN(E102)*SIN(F102)*SIN(H103-T103) + SIN(E103)*SIN(F103)*SIN(T103) )) -> -2.1708186 | X103: =MOD(DEGREES(W103), 360) -> 235.62126 | Z103: =IF(T103=0, 1, 2*TAN(T103/2)/T103) -> 1.0000009 | AA103: =0.5*R103*Z103 * (SIN(E102)*COS(F102) + SIN(U103)*COS(W103)) -> -1.7146389 | AB103: =0.5*R103*Z103 * (SIN(E102)*SIN(F102) + SIN(U103)*SIN(W103)) -> -2.5359135 | AC103: =0.5*R103*Z103 * (COS(E102) + COS(U103)) -> 9.5199297 | AD103: =M102+AA103 -> -33.909125 | AE103: =N102+AB103 -> -106.46226 | AF103: =O102+AC103 -> 6182.7634
A104: 6341 | B104: 17.7 | C104: 223.8 | E104: =RADIANS(B104) -> 0.30892328 | F104: =RADIANS(C104) -> 3.9060469 | H104: =ACOS(MAX(-1,MIN(1, COS(E104-E103)-SIN(E103)*SIN(E104)*(1-COS(F104-F103))))) -> 0.034512125 | I104: =IF(H104=0, 1, 2*TAN(H104/2)/H104) -> 1.0000993 | J104: =0.5*(A104-A103)*I104 * (SIN(E103)*COS(F103) + SIN(E104)*COS(F104)) -> -12.455708 | K104: =0.5*(A104-A103)*I104 * (SIN(E103)*SIN(F103) + SIN(E104)*SIN(F104)) -> -13.378848 | L104: =0.5*(A104-A103)*I104 * (COS(E103) + COS(E104)) -> 57.144593 | M104: =M103+J104 -> -62.028227 | N104: =N103+K104 -> -140.58568 | O104: =O103+L104 -> 6320.8328 | Q104: =A103+10 -> 6291 | R104: =IF(OR(Q104<A103, Q104>A104), "error", Q104-A103) -> 10 | S104: =A104-A103 -> 60 | T104: =H104 * (R104/S104) -> 0.0057520208 | U104: =IF(T104=0, E103, ACOS( (SIN(H104-T104)/SIN(H104))*COS(E103) + (SIN(T104)/SIN(H104))*COS(E104) )) -> 0.31055749 | V104: =DEGREES(U104) -> 17.793634 | W104: =IF(T104=0, F103, ATAN2( SIN(E103)*COS(F103)*SIN(H104-T104) + SIN(E104)*COS(F104)*SIN(T104), SIN(E103)*SIN(F103)*SIN(H104-T104) + SIN(E104)*SIN(F104)*SIN(T104) )) -> -2.2829052 | X104: =MOD(DEGREES(W104), 360) -> 229.19917 | Z104: =IF(T104=0, 1, 2*TAN(T104/2)/T104) -> 1.0000028 | AA104: =0.5*R104*Z104 * (SIN(E103)*COS(F103) + SIN(U104)*COS(W104)) -> -1.976965 | AB104: =0.5*R104*Z104 * (SIN(E103)*SIN(F103) + SIN(U104)*SIN(W104)) -> -2.3340553 | AC104: =0.5*R104*Z104 * (COS(E103) + COS(U104)) -> 9.520689 | AD104: =M103+AA104 -> -51.549484 | AE104: =N103+AB104 -> -129.54088 | AF104: =O103+AC104 -> 6273.2089
A105: 6436 | B105: 19.2 | C105: 223 | E105: =RADIANS(B105) -> 0.33510322 | F105: =RADIANS(C105) -> 3.8920842 | H105: =ACOS(MAX(-1,MIN(1, COS(E105-E104)-SIN(E104)*SIN(E105)*(1-COS(F105-F104))))) -> 0.026549651 | I105: =IF(H105=0, 1, 2*TAN(H105/2)/H105) -> 1.0000587 | J105: =0.5*(A105-A104)*I105 * (SIN(E104)*COS(F104) + SIN(E105)*COS(F105)) -> -21.849232 | K105: =0.5*(A105-A104)*I105 * (SIN(E104)*SIN(F104) + SIN(E105)*SIN(F105)) -> -20.650457 | L105: =0.5*(A105-A104)*I105 * (COS(E104) + COS(E105)) -> 90.114591 | M105: =M104+J105 -> -83.877459 | N105: =N104+K105 -> -161.23613 | O105: =O104+L105 -> 6410.9474 | Q105: =A104+10 -> 6351 | R105: =IF(OR(Q105<A104, Q105>A105), "error", Q105-A104) -> 10 | S105: =A105-A104 -> 95 | T105: =H105 * (R105/S105) -> 0.0027947001 | U105: =IF(T105=0, E104, ACOS( (SIN(H105-T105)/SIN(H105))*COS(E104) + (SIN(T105)/SIN(H105))*COS(E105) )) -> 0.31167622 | V105: =DEGREES(U105) -> 17.857732 | W105: =IF(T105=0, F104, ATAN2( SIN(E104)*COS(F104)*SIN(H105-T105) + SIN(E105)*COS(F105)*SIN(T105), SIN(E104)*SIN(F104)*SIN(H105-T105) + SIN(E105)*SIN(F105)*SIN(T105) )) -> -2.3787148 | X105: =MOD(DEGREES(W105), 360) -> 223.70968 | Z105: =IF(T105=0, 1, 2*TAN(T105/2)/T105) -> 1.0000007 | AA105: =0.5*R105*Z105 * (SIN(E104)*COS(F104) + SIN(U105)*COS(W105)) -> -2.205523 | AB105: =0.5*R105*Z105 * (SIN(E104)*SIN(F104) + SIN(U105)*SIN(W105)) -> -2.1116718 | AC105: =0.5*R105*Z105 * (COS(E104) + COS(U105)) -> 9.522418 | AD105: =M104+AA105 -> -64.23375 | AE105: =N104+AB105 -> -142.69735 | AF105: =O104+AC105 -> 6330.3552
A106: 6534 | B106: 22.9 | C106: 220.9 | E106: =RADIANS(B106) -> 0.3996804 | F106: =RADIANS(C106) -> 3.8554323 | H106: =ACOS(MAX(-1,MIN(1, COS(E106-E105)-SIN(E105)*SIN(E106)*(1-COS(F106-F105))))) -> 0.065895563 | I106: =IF(H106=0, 1, 2*TAN(H106/2)/H106) -> 1.000362 | J106: =0.5*(A106-A105)*I106 * (SIN(E105)*COS(F105) + SIN(E106)*COS(F106)) -> -26.206771 | K106: =0.5*(A106-A105)*I106 * (SIN(E105)*SIN(F105) + SIN(E106)*SIN(F106)) -> -23.482528 | L106: =0.5*(A106-A105)*I106 * (COS(E105) + COS(E106)) -> 91.445619 | M106: =M105+J106 -> -110.08423 | N106: =N105+K106 -> -184.71866 | O106: =O105+L106 -> 6502.393 | Q106: =A105+10 -> 6446 | R106: =IF(OR(Q106<A105, Q106>A106), "error", Q106-A105) -> 10 | S106: =A106-A105 -> 98 | T106: =H106 * (R106/S106) -> 0.006724037 | U106: =IF(T106=0, E105, ACOS( (SIN(H106-T106)/SIN(H106))*COS(E105) + (SIN(T106)/SIN(H106))*COS(E106) )) -> 0.3416707 | V106: =DEGREES(U106) -> 19.576289 | W106: =IF(T106=0, F105, ATAN2( SIN(E105)*COS(F105)*SIN(H106-T106) + SIN(E106)*COS(F106)*SIN(T106), SIN(E105)*SIN(F105)*SIN(H106-T106) + SIN(E106)*SIN(F106)*SIN(T106) )) -> -2.3954467 | X106: =MOD(DEGREES(W106), 360) -> 222.75102 | Z106: =IF(T106=0, 1, 2*TAN(T106/2)/T106) -> 1.0000038 | AA106: =0.5*R106*Z106 * (SIN(E105)*COS(F105) + SIN(U106)*COS(W106)) -> -2.4327949 | AB106: =0.5*R106*Z106 * (SIN(E105)*SIN(F105) + SIN(U106)*SIN(W106)) -> -2.2586635 | AC106: =0.5*R106*Z106 * (COS(E105) + COS(U106)) -> 9.4328984 | AD106: =M105+AA106 -> -86.310254 | AE106: =N105+AB106 -> -163.4948 | AF106: =O105+AC106 -> 6420.3803
A107: 6627 | B107: 25.6 | C107: 218.9 | E107: =RADIANS(B107) -> 0.44680429 | F107: =RADIANS(C107) -> 3.8205257 | H107: =ACOS(MAX(-1,MIN(1, COS(E107-E106)-SIN(E106)*SIN(E107)*(1-COS(F107-F106))))) -> 0.049250247 | I107: =IF(H107=0, 1, 2*TAN(H107/2)/H107) -> 1.0002022 | J107: =0.5*(A107-A106)*I107 * (SIN(E106)*COS(F106) + SIN(E107)*COS(F107)) -> -29.31899 | K107: =0.5*(A107-A106)*I107 * (SIN(E106)*SIN(F106) + SIN(E107)*SIN(F107)) -> -24.469025 | L107: =0.5*(A107-A106)*I107 * (COS(E106) + COS(E107)) -> 84.787473 | M107: =M106+J107 -> -139.40322 | N107: =N106+K107 -> -209.18769 | O107: =O106+L107 -> 6587.1805 | Q107: =A106+10 -> 6544 | R107: =IF(OR(Q107<A106, Q107>A107), "error", Q107-A106) -> 10 | S107: =A107-A106 -> 93 | T107: =H107 * (R107/S107) -> 0.0052957255 | U107: =IF(T107=0, E106, ACOS( (SIN(H107-T107)/SIN(H107))*COS(E106) + (SIN(T107)/SIN(H107))*COS(E107) )) -> 0.40472465 | V107: =DEGREES(U107) -> 23.189014 | W107: =IF(T107=0, F106, ATAN2( SIN(E106)*COS(F106)*SIN(H107-T107) + SIN(E107)*COS(F107)*SIN(T107), SIN(E106)*SIN(F106)*SIN(H107-T107) + SIN(E107)*SIN(F107)*SIN(T107) )) -> -2.4318725 | X107: =MOD(DEGREES(W107), 360) -> 220.66397 | Z107: =IF(T107=0, 1, 2*TAN(T107/2)/T107) -> 1.0000023 | AA107: =0.5*R107*Z107 * (SIN(E106)*COS(F106) + SIN(U107)*COS(W107)) -> -2.9640538 | AB107: =0.5*R107*Z107 * (SIN(E106)*SIN(F106) + SIN(U107)*SIN(W107)) -> -2.5568136 | AC107: =0.5*R107*Z107 * (COS(E106) + COS(U107)) -> 9.2020028 | AD107: =M106+AA107 -> -113.04828 | AE107: =N106+AB107 -> -187.27547 | AF107: =O106+AC107 -> 6511.595
A108: 6645 | B108: 26.19 | C108: 218.74 | E108: =RADIANS(B108) -> 0.45710173 | F108: =RADIANS(C108) -> 3.8177332 | H108: =ACOS(MAX(-1,MIN(1, COS(E108-E107)-SIN(E107)*SIN(E108)*(1-COS(F108-F107))))) -> 0.010369401 | I108: =IF(H108=0, 1, 2*TAN(H108/2)/H108) -> 1.000009 | J108: =0.5*(A108-A107)*I108 * (SIN(E107)*COS(F107) + SIN(E108)*COS(F108)) -> -6.1247116 | K108: =0.5*(A108-A107)*I108 * (SIN(E107)*SIN(F107) + SIN(E108)*SIN(F108)) -> -4.9277661 | L108: =0.5*(A108-A107)*I108 * (COS(E107) + COS(E108)) -> 16.192657 | M108: =M107+J108 -> -145.52793 | N108: =N107+K108 -> -214.11545 | O108: =O107+L108 -> 6603.3732 | Q108: =A107+10 -> 6637 | R108: =IF(OR(Q108<A107, Q108>A108), "error", Q108-A107) -> 10 | S108: =A108-A107 -> 18 | T108: =H108 * (R108/S108) -> 0.0057607782 | U108: =IF(T108=0, E107, ACOS( (SIN(H108-T108)/SIN(H108))*COS(E107) + (SIN(T108)/SIN(H108))*COS(E108) )) -> 0.45252471 | V108: =DEGREES(U108) -> 25.927756 | W108: =IF(T108=0, F107, ATAN2( SIN(E107)*COS(F107)*SIN(H108-T108) + SIN(E108)*COS(F108)*SIN(T108), SIN(E107)*SIN(F107)*SIN(H108-T108) + SIN(E108)*SIN(F108)*SIN(T108) )) -> -2.4642256 | X108: =MOD(DEGREES(W108), 360) -> 218.81027 | Z108: =IF(T108=0, 1, 2*TAN(T108/2)/T108) -> 1.0000028 | AA108: =0.5*R108*Z108 * (SIN(E107)*COS(F107) + SIN(U108)*COS(W108)) -> -3.3848815 | AB108: =0.5*R108*Z108 * (SIN(E107)*SIN(F107) + SIN(U108)*SIN(W108)) -> -2.7268559 | AC108: =0.5*R108*Z108 * (COS(E107) + COS(U108)) -> 9.0059179 | AD108: =M107+AA108 -> -142.7881 | AE108: =N107+AB108 -> -211.91454 | AF108: =O107+AC108 -> 6596.1864
A109: 6727 | B109: 28 | C109: 216.4 | E109: =RADIANS(B109) -> 0.48869219 | F109: =RADIANS(C109) -> 3.7768925 | H109: =ACOS(MAX(-1,MIN(1, COS(E109-E108)-SIN(E108)*SIN(E109)*(1-COS(F109-F108))))) -> 0.036654877 | I109: =IF(H109=0, 1, 2*TAN(H109/2)/H109) -> 1.000112 | J109: =0.5*(A109-A108)*I109 * (SIN(E108)*COS(F108) + SIN(E109)*COS(F109)) -> -29.610415 | K109: =0.5*(A109-A108)*I109 * (SIN(E108)*SIN(F108) + SIN(E109)*SIN(F109)) -> -22.748694 | L109: =0.5*(A109-A108)*I109 * (COS(E108) + COS(E109)) -> 72.999777 | M109: =M108+J109 -> -175.13835 | N109: =N108+K109 -> -236.86415 | O109: =O108+L109 -> 6676.3729 | Q109: =A108+10 -> 6655 | R109: =IF(OR(Q109<A108, Q109>A109), "error", Q109-A108) -> 10 | S109: =A109-A108 -> 82 | T109: =H109 * (R109/S109) -> 0.004470107 | U109: =IF(T109=0, E108, ACOS( (SIN(H109-T109)/SIN(H109))*COS(E108) + (SIN(T109)/SIN(H109))*COS(E109) )) -> 0.46091711 | V109: =DEGREES(U109) -> 26.408605 | W109: =IF(T109=0, F108, ATAN2( SIN(E108)*COS(F108)*SIN(H109-T109) + SIN(E109)*COS(F109)*SIN(T109), SIN(E108)*SIN(F108)*SIN(H109-T109) + SIN(E109)*SIN(F109)*SIN(T109) )) -> -2.470709 | X109: =MOD(DEGREES(W109), 360) -> 218.4388 | Z109: =IF(T109=0, 1, 2*TAN(T109/2)/T109) -> 1.0000017 | AA109: =0.5*R109*Z109 * (SIN(E108)*COS(F108) + SIN(U109)*COS(W109)) -> -3.4631336 | AB109: =0.5*R109*Z109 * (SIN(E108)*SIN(F108) + SIN(U109)*SIN(W109)) -> -2.763477 | AC109: =0.5*R109*Z109 * (COS(E108) + COS(U109)) -> 8.9649169 | AD109: =M108+AA109 -> -148.99107 | AE109: =N108+AB109 -> -216.87893 | AF109: =O108+AC109 -> 6612.3381
A110: 6823 | B110: 32.1 | C110: 213.7 | E110: =RADIANS(B110) -> 0.56025069 | F110: =RADIANS(C110) -> 3.7297686 | H110: =ACOS(MAX(-1,MIN(1, COS(E110-E109)-SIN(E109)*SIN(E110)*(1-COS(F110-F109))))) -> 0.075332713 | I110: =IF(H110=0, 1, 2*TAN(H110/2)/H110) -> 1.0004732 | J110: =0.5*(A110-A109)*I110 * (SIN(E109)*COS(F109) + SIN(E110)*COS(F110)) -> -39.377375 | K110: =0.5*(A110-A109)*I110 * (SIN(E109)*SIN(F109) + SIN(E110)*SIN(F110)) -> -27.537992 | L110: =0.5*(A110-A109)*I110 * (COS(E109) + COS(E110)) -> 83.082632 | M110: =M109+J110 -> -214.51572 | N110: =N109+K110 -> -264.40214 | O110: =O109+L110 -> 6759.4556 | Q110: =A109+10 -> 6737 | R110: =IF(OR(Q110<A109, Q110>A110), "error", Q110-A109) -> 10 | S110: =A110-A109 -> 96 | T110: =H110 * (R110/S110) -> 0.0078471577 | U110: =IF(T110=0, E109, ACOS( (SIN(H110-T110)/SIN(H110))*COS(E109) + (SIN(T110)/SIN(H110))*COS(E110) )) -> 0.49609889 | V110: =DEGREES(U110) -> 28.424373 | W110: =IF(T110=0, F109, ATAN2( SIN(E109)*COS(F109)*SIN(H110-T110) + SIN(E110)*COS(F110)*SIN(T110), SIN(E109)*SIN(F109)*SIN(H110-T110) + SIN(E110)*SIN(F110)*SIN(T110) )) -> -2.511776 | X110: =MOD(DEGREES(W110), 360) -> 216.08584 | Z110: =IF(T110=0, 1, 2*TAN(T110/2)/T110) -> 1.0000051 | AA110: =0.5*R110*Z110 * (SIN(E109)*COS(F109) + SIN(U110)*COS(W110)) -> -3.8127492 | AB110: =0.5*R110*Z110 * (SIN(E109)*SIN(F109) + SIN(U110)*SIN(W110)) -> -2.7947879 | AC110: =0.5*R110*Z110 * (COS(E109) + COS(U110)) -> 8.812014 | AD110: =M109+AA110 -> -178.9511 | AE110: =N109+AB110 -> -239.65893 | AF110: =O109+AC110 -> 6685.1849
A111: 6919 | B111: 34.6 | C111: 212 | E111: =RADIANS(B111) -> 0.60388392 | F111: =RADIANS(C111) -> 3.700098 | H111: =ACOS(MAX(-1,MIN(1, COS(E111-E110)-SIN(E110)*SIN(E111)*(1-COS(F111-F110))))) -> 0.046578693 | I111: =IF(H111=0, 1, 2*TAN(H111/2)/H111) -> 1.0001808 | J111: =0.5*(A111-A110)*I111 * (SIN(E110)*COS(F110) + SIN(E111)*COS(F111)) -> -44.343604 | K111: =0.5*(A111-A110)*I111 * (SIN(E110)*SIN(F110) + SIN(E111)*SIN(F111)) -> -28.601406 | L111: =0.5*(A111-A110)*I111 * (COS(E110) + COS(E111)) -> 80.186896 | M111: =M110+J111 -> -258.85933 | N111: =N110+K111 -> -293.00354 | O111: =O110+L111 -> 6839.6425 | Q111: =A110+10 -> 6833 | R111: =IF(OR(Q111<A110, Q111>A111), "error", Q111-A110) -> 10 | S111: =A111-A110 -> 96 | T111: =H111 * (R111/S111) -> 0.0048519472 | U111: =IF(T111=0, E110, ACOS( (SIN(H111-T111)/SIN(H111))*COS(E110) + (SIN(T111)/SIN(H111))*COS(E111) )) -> 0.56477639 | V111: =DEGREES(U111) -> 32.359304 | W111: =IF(T111=0, F110, ATAN2( SIN(E110)*COS(F110)*SIN(H111-T111) + SIN(E111)*COS(F111)*SIN(T111), SIN(E110)*SIN(F110)*SIN(H111-T111) + SIN(E111)*SIN(F111)*SIN(T111) )) -> -2.5566964 | X111: =MOD(DEGREES(W111), 360) -> 213.51209 | Z111: =IF(T111=0, 1, 2*TAN(T111/2)/T111) -> 1.000002 | AA111: =0.5*R111*Z111 * (SIN(E110)*COS(F110) + SIN(U111)*COS(W111)) -> -4.4417841 | AB111: =0.5*R111*Z111 * (SIN(E110)*SIN(F110) + SIN(U111)*SIN(W111)) -> -2.9517519 | AC111: =0.5*R111*Z111 * (COS(E110) + COS(U111)) -> 8.4591677 | AD111: =M110+AA111 -> -218.95751 | AE111: =N110+AB111 -> -267.35389 | AF111: =O110+AC111 -> 6767.9147
A112: 7014 | B112: 36.9 | C112: 208.8 | E112: =RADIANS(B112) -> 0.64402649 | F112: =RADIANS(C112) -> 3.6442475 | H112: =ACOS(MAX(-1,MIN(1, COS(E112-E111)-SIN(E111)*SIN(E112)*(1-COS(F112-F111))))) -> 0.051720721 | I112: =IF(H112=0, 1, 2*TAN(H112/2)/H112) -> 1.000223 | J112: =0.5*(A112-A111)*I112 * (SIN(E111)*COS(F111) + SIN(E112)*COS(F112)) -> -47.876949 | K112: =0.5*(A112-A111)*I112 * (SIN(E111)*SIN(F111) + SIN(E112)*SIN(F112)) -> -28.039135 | L112: =0.5*(A112-A111)*I112 * (COS(E111) + COS(E112)) -> 77.101187 | M112: =M111+J112 -> -306.73627 | N112: =N111+K112 -> -321.04268 | O112: =O111+L112 -> 6916.7437 | Q112: =A111+10 -> 6929 | R112: =IF(OR(Q112<A111, Q112>A112), "error", Q112-A111) -> 10 | S112: =A112-A111 -> 95 | T112: =H112 * (R112/S112) -> 0.0054442864 | U112: =IF(T112=0, E111, ACOS( (SIN(H112-T112)/SIN(H112))*COS(E111) + (SIN(T112)/SIN(H112))*COS(E112) )) -> 0.60803802 | V112: =DEGREES(U112) -> 34.838012 | W112: =IF(T112=0, F111, ATAN2( SIN(E111)*COS(F111)*SIN(H112-T112) + SIN(E112)*COS(F112)*SIN(T112), SIN(E111)*SIN(F111)*SIN(H112-T112) + SIN(E112)*SIN(F112)*SIN(T112) )) -> -2.589266 | X112: =MOD(DEGREES(W112), 360) -> 211.64599 | Z112: =IF(T112=0, 1, 2*TAN(T112/2)/T112) -> 1.0000025 | AA112: =0.5*R112*Z112 * (SIN(E111)*COS(F111) + SIN(U112)*COS(W112)) -> -4.839384 | AB112: =0.5*R112*Z112 * (SIN(E111)*SIN(F111) + SIN(U112)*SIN(W112)) -> -3.0031726 | AC112: =0.5*R112*Z112 * (COS(E111) + COS(U112)) -> 8.2195541 | AD112: =M111+AA112 -> -263.69871 | AE112: =N111+AB112 -> -296.00672 | AF112: =O111+AC112 -> 6847.862
A113: 7110 | B113: 38.9 | C113: 207.7 | E113: =RADIANS(B113) -> 0.67893308 | F113: =RADIANS(C113) -> 3.6250489 | H113: =ACOS(MAX(-1,MIN(1, COS(E113-E112)-SIN(E112)*SIN(E113)*(1-COS(F113-F112))))) -> 0.036843832 | I113: =IF(H113=0, 1, 2*TAN(H113/2)/H113) -> 1.0001131 | J113: =0.5*(A113-A112)*I113 * (SIN(E112)*COS(F112) + SIN(E113)*COS(F113)) -> -51.94892 | K113: =0.5*(A113-A112)*I113 * (SIN(E112)*SIN(F112) + SIN(E113)*SIN(F113)) -> -27.898754 | L113: =0.5*(A113-A112)*I113 * (COS(E112) + COS(E113)) -> 75.749104 | M113: =M112+J113 -> -358.6852 | N113: =N112+K113 -> -348.94143 | O113: =O112+L113 -> 6992.4928 | Q113: =A112+10 -> 7024 | R113: =IF(OR(Q113<A112, Q113>A113), "error", Q113-A112) -> 10 | S113: =A113-A112 -> 96 | T113: =H113 * (R113/S113) -> 0.0038378992 | U113: =IF(T113=0, E112, ACOS( (SIN(H113-T113)/SIN(H113))*COS(E112) + (SIN(T113)/SIN(H113))*COS(E113) )) -> 0.64765408 | V113: =DEGREES(U113) -> 37.107846 | W113: =IF(T113=0, F112, ATAN2( SIN(E112)*COS(F112)*SIN(H113-T113) + SIN(E113)*COS(F113)*SIN(T113), SIN(E112)*SIN(F112)*SIN(H113-T113) + SIN(E113)*SIN(F113)*SIN(T113) )) -> -2.6410197 | X113: =MOD(DEGREES(W113), 360) -> 208.68072 | Z113: =IF(T113=0, 1, 2*TAN(T113/2)/T113) -> 1.0000012 | AA113: =0.5*R113*Z113 * (SIN(E112)*COS(F112) + SIN(U113)*COS(W113)) -> -5.277242 | AB113: =0.5*R113*Z113 * (SIN(E112)*SIN(F112) + SIN(U113)*SIN(W113)) -> -2.8940216 | AC113: =0.5*R113*Z113 * (COS(E112) + COS(U113)) -> 7.9859397 | AD113: =M112+AA113 -> -312.01352 | AE113: =N112+AB113 -> -323.9367 | AF113: =O112+AC113 -> 6924.7296
... A139: 9580 | B139: 65.16 | C139: 181.15 | E139: =RADIANS(B139) -> 1.1372565 | F139: =RADIANS(C139) -> 3.1616639 | H139: =ACOS(MAX(-1,MIN(1, COS(E139-E138)-SIN(E138)*SIN(E139)*(1-COS(F139-F138))))) -> 0.0044348047 | I139: =IF(H139=0, 1, 2*TAN(H139/2)/H139) -> 1.0000016 | J139: =0.5*(A139-A138)*I139 * (SIN(E138)*COS(F138) + SIN(E139)*COS(F139)) -> -87.096308 | K139: =0.5*(A139-A138)*I139 * (SIN(E138)*SIN(F138) + SIN(E139)*SIN(F139)) -> -1.9612828 | L139: =0.5*(A139-A138)*I139 * (COS(E138) + COS(E139)) -> 40.328296 | M139: =M138+J139 -> -2177.4853 | N139: =N138+K139 -> -748.6736 | O139: =O138+L139 -> 8520.9231 | Q139: =A138+10 -> 9494 | R139: =IF(OR(Q139<A138, Q139>A139), "error", Q139-A138) -> 10 | S139: =A139-A138 -> 96 | T139: =H139 * (R139/S139) -> 0.00046195883 | U139: =IF(T139=0, E138, ACOS( (SIN(H139-T139)/SIN(H139))*COS(E138) + (SIN(T139)/SIN(H139))*COS(E139) )) -> 1.1372561 | V139: =DEGREES(U139) -> 65.159976 | W139: =IF(T139=0, F138, ATAN2( SIN(E138)*COS(F138)*SIN(H139-T139) + SIN(E139)*COS(F139)*SIN(T139), SIN(E138)*SIN(F138)*SIN(H139-T139) + SIN(E139)*SIN(F139)*SIN(T139) )) -> -3.1171435 | X139: =MOD(DEGREES(W139), 360) -> 181.40083 | Z139: =IF(T139=0, 1, 2*TAN(T139/2)/T139) -> 1 | AA139: =0.5*R139*Z139 * (SIN(E138)*COS(F138) + SIN(U139)*COS(W139)) -> -9.0720743 | AB139: =0.5*R139*Z139 * (SIN(E138)*SIN(F138) + SIN(U139)*SIN(W139)) -> -0.22415923 | AC139: =0.5*R139*Z139 * (COS(E138) + COS(U139)) -> 4.2008593 | AD139: =M138+AA139 -> -2099.4611 | AE139: =N138+AB139 -> -746.93647 | AF139: =O138+AC139 -> 8484.7957
A140: 9678 | B140: 65.09 | C140: 180.63 | E140: =RADIANS(B140) -> 1.1360348 | F140: =RADIANS(C140) -> 3.1525882 | H140: =ACOS(MAX(-1,MIN(1, COS(E140-E139)-SIN(E139)*SIN(E140)*(1-COS(F140-F139))))) -> 0.0083238784 | I140: =IF(H140=0, 1, 2*TAN(H140/2)/H140) -> 1.0000058 | J140: =0.5*(A140-A139)*I140 * (SIN(E139)*COS(F139) + SIN(E140)*COS(F140)) -> -88.897162 | K140: =0.5*(A140-A139)*I140 * (SIN(E139)*SIN(F139) + SIN(E140)*SIN(F140)) -> -1.3811032 | L140: =0.5*(A140-A139)*I140 * (COS(E139) + COS(E140)) -> 41.22295 | M140: =M139+J140 -> -2266.3825 | N140: =N139+K140 -> -750.0547 | O140: =O139+L140 -> 8562.146 | Q140: 9670 | R140: =IF(OR(Q140<A139, Q140>A140), "error", Q140-A139) -> 90 | S140: =A140-A139 -> 98 | T140: =H140 * (R140/S140) -> 0.0076443781 | U140: =IF(T140=0, E139, ACOS( (SIN(H140-T140)/SIN(H140))*COS(E139) + (SIN(T140)/SIN(H140))*COS(E140) )) -> 1.1361334 | V140: =DEGREES(U140) -> 65.095647 | W140: =IF(T140=0, F139, ATAN2( SIN(E139)*COS(F139)*SIN(H140-T140) + SIN(E140)*COS(F140)*SIN(T140), SIN(E139)*SIN(F139)*SIN(H140-T140) + SIN(E140)*SIN(F140)*SIN(T140) )) -> -3.1298558 | X140: =MOD(DEGREES(W140), 360) -> 180.67247 | Z140: =IF(T140=0, 1, 2*TAN(T140/2)/T140) -> 1.0000049 | AA140: =0.5*R140*Z140 * (SIN(E139)*COS(F139) + SIN(U140)*COS(W140)) -> -81.641701 | AB140: =0.5*R140*Z140 * (SIN(E139)*SIN(F139) + SIN(U140)*SIN(W140)) -> -1.2986326 | AC140: =0.5*R140*Z140 * (COS(E139) + COS(U140)) -> 37.853755 | AD140: =M139+AA140 -> -2259.127 | AE140: =N139+AB140 -> -749.97223 | AF140: =O139+AC140 -> 8558.7768
A141: 9774 | B141: 65.13 | C141: 180.28 | E141: =RADIANS(B141) -> 1.1367329 | F141: =RADIANS(C141) -> 3.1464796 | H141: =ACOS(MAX(-1,MIN(1, COS(E141-E140)-SIN(E140)*SIN(E141)*(1-COS(F141-F140))))) -> 0.0055850686 | I141: =IF(H141=0, 1, 2*TAN(H141/2)/H141) -> 1.0000026 | J141: =0.5*(A141-A140)*I141 * (SIN(E140)*COS(F140) + SIN(E141)*COS(F141)) -> -87.080348 | K141: =0.5*(A141-A140)*I141 * (SIN(E140)*SIN(F140) + SIN(E141)*SIN(F141)) -> -0.69149811 | L141: =0.5*(A141-A140)*I141 * (COS(E140) + COS(E141)) -> 40.404342 | M141: =M140+J141 -> -2353.4628 | N141: =N140+K141 -> -750.7462 | O141: =O140+L141 -> 8602.5504 | Q141: =A140+10 -> 9688 | R141: =IF(OR(Q141<A140, Q141>A141), "error", Q141-A140) -> 10 | S141: =A141-A140 -> 96 | T141: =H141 * (R141/S141) -> 0.00058177798 | U141: =IF(T141=0, E140, ACOS( (SIN(H141-T141)/SIN(H141))*COS(E140) + (SIN(T141)/SIN(H141))*COS(E141) )) -> 1.1361069 | V141: =DEGREES(U141) -> 65.094129 | W141: =IF(T141=0, F140, ATAN2( SIN(E140)*COS(F140)*SIN(H141-T141) + SIN(E141)*COS(F141)*SIN(T141), SIN(E140)*SIN(F140)*SIN(H141-T141) + SIN(E141)*SIN(F141)*SIN(T141) )) -> -3.1312336 | X141: =MOD(DEGREES(W141), 360) -> 180.59353 | Z141: =IF(T141=0, 1, 2*TAN(T141/2)/T141) -> 1 | AA141: =0.5*R141*Z141 * (SIN(E140)*COS(F140) + SIN(U141)*COS(W141)) -> -9.0693397 | AB141: =0.5*R141*Z141 * (SIN(E140)*SIN(F140) + SIN(U141)*SIN(W141)) -> -0.096839903 | AC141: =0.5*R141*Z141 * (COS(E140) + COS(U141)) -> 4.2116145 | AD141: =M140+AA141 -> -2275.4518 | AE141: =N140+AB141 -> -750.15154 | AF141: =O140+AC141 -> 8566.3577
A142: 9870 | B142: 65.19 | C142: 180.25 | E142: =RADIANS(B142) -> 1.1377801 | F142: =RADIANS(C142) -> 3.145956 | H142: =ACOS(MAX(-1,MIN(1, COS(E142-E141)-SIN(E141)*SIN(E142)*(1-COS(F142-F141))))) -> 0.0011499555 | I142: =IF(H142=0, 1, 2*TAN(H142/2)/H142) -> 1.0000001 | J142: =0.5*(A142-A141)*I142 * (SIN(E141)*COS(F141) + SIN(E142)*COS(F142)) -> -87.117568 | K142: =0.5*(A142-A141)*I142 * (SIN(E141)*SIN(F141) + SIN(E142)*SIN(F142)) -> -0.40292677 | L142: =0.5*(A142-A141)*I142 * (COS(E141) + COS(E142)) -> 40.328229 | M142: =M141+J142 -> -2440.5804 | N142: =N141+K142 -> -751.14913 | O142: =O141+L142 -> 8642.8786 | Q142: =A141+10 -> 9784 | R142: =IF(OR(Q142<A141, Q142>A142), "error", Q142-A141) -> 10 | S142: =A142-A141 -> 96 | T142: =H142 * (R142/S142) -> 0.00011978703 | U142: =IF(T142=0, E141, ACOS( (SIN(H142-T142)/SIN(H142))*COS(E141) + (SIN(T142)/SIN(H142))*COS(E142) )) -> 1.136842 | V142: =DEGREES(U142) -> 65.13625 | W142: =IF(T142=0, F141, ATAN2( SIN(E141)*COS(F141)*SIN(H142-T142) + SIN(E142)*COS(F142)*SIN(T142), SIN(E141)*SIN(F141)*SIN(H142-T142) + SIN(E142)*SIN(F142)*SIN(T142) )) -> -3.1367603 | X142: =MOD(DEGREES(W142), 360) -> 180.27687 | Z142: =IF(T142=0, 1, 2*TAN(T142/2)/T142) -> 1 | AA142: =0.5*R142*Z142 * (SIN(E141)*COS(F141) + SIN(U142)*COS(W142)) -> -9.0727657 | AB142: =0.5*R142*Z142 * (SIN(E141)*SIN(F141) + SIN(U142)*SIN(W142)) -> -0.044090709 | AC142: =0.5*R142*Z142 * (COS(E141) + COS(U142)) -> 4.2051135 | AD142: =M141+AA142 -> -2362.5356 | AE142: =N141+AB142 -> -750.79029 | AF142: =O141+AC142 -> 8606.7555
A143: 9964 | B143: 65.12 | C143: 180.36 | E143: =RADIANS(B143) -> 1.1365584 | F143: =RADIANS(C143) -> 3.1478758 | H143: =ACOS(MAX(-1,MIN(1, COS(E143-E142)-SIN(E142)*SIN(E143)*(1-COS(F143-F142))))) -> 0.0021278621 | I143: =IF(H143=0, 1, 2*TAN(H143/2)/H143) -> 1.0000004 | J143: =0.5*(A143-A142)*I143 * (SIN(E142)*COS(F142) + SIN(E143)*COS(F143)) -> -85.298858 | K143: =0.5*(A143-A142)*I143 * (SIN(E142)*SIN(F142) + SIN(E143)*SIN(F143)) -> -0.45404864 | L143: =0.5*(A143-A142)*I143 * (COS(E142) + COS(E143)) -> 39.49551 | M143: =M142+J143 -> -2525.8793 | N143: =N142+K143 -> -751.60318 | O143: =O142+L143 -> 8682.3741 | Q143: =A142+10 -> 9880 | R143: =IF(OR(Q143<A142, Q143>A143), "error", Q143-A142) -> 10 | S143: =A143-A142 -> 94 | T143: =H143 * (R143/S143) -> 0.00022636831 | U143: =IF(T143=0, E142, ACOS( (SIN(H143-T143)/SIN(H143))*COS(E142) + (SIN(T143)/SIN(H143))*COS(E143) )) -> 1.1376501 | V143: =DEGREES(U143) -> 65.182549 | W143: =IF(T143=0, F142, ATAN2( SIN(E142)*COS(F142)*SIN(H143-T143) + SIN(E143)*COS(F143)*SIN(T143), SIN(E142)*SIN(F142)*SIN(H143-T143) + SIN(E143)*SIN(F143)*SIN(T143) )) -> -3.1370252 | X143: =MOD(DEGREES(W143), 360) -> 180.2617 | Z143: =IF(T143=0, 1, 2*TAN(T143/2)/T143) -> 1 | AA143: =0.5*R143*Z143 * (SIN(E142)*COS(F142) + SIN(U143)*COS(W143)) -> -9.0766792 | AB143: =0.5*R143*Z143 * (SIN(E142)*SIN(F142) + SIN(U143)*SIN(W143)) -> -0.040531171 | AC143: =0.5*R143*Z143 * (COS(E142) + COS(U143)) -> 4.1966953 | AD143: =M142+AA143 -> -2449.6571 | AE143: =N142+AB143 -> -751.18966 | AF143: =O142+AC143 -> 8647.0753
A144: 10062 | B144: 65.33 | C144: 180.52 | E144: =RADIANS(B144) -> 1.1402236 | F144: =RADIANS(C144) -> 3.1506684 | H144: =ACOS(MAX(-1,MIN(1, COS(E144-E143)-SIN(E143)*SIN(E144)*(1-COS(F144-F143))))) -> 0.0044567247 | I144: =IF(H144=0, 1, 2*TAN(H144/2)/H144) -> 1.0000017 | J144: =0.5*(A144-A143)*I144 * (SIN(E143)*COS(F143) + SIN(E144)*COS(F144)) -> -88.977407 | K144: =0.5*(A144-A143)*I144 * (SIN(E143)*SIN(F143) + SIN(E144)*SIN(F144)) -> -0.68341595 | L144: =0.5*(A144-A143)*I144 * (COS(E143) + COS(E144)) -> 41.067482 | M144: =M143+J144 -> -2614.8567 | N144: =N143+K144 -> -752.28659 | O144: =O143+L144 -> 8723.4416 | Q144: =A143+10 -> 9974 | R144: =IF(OR(Q144<A143, Q144>A144), "error", Q144-A143) -> 10 | S144: =A144-A143 -> 98 | T144: =H144 * (R144/S144) -> 0.00045476783 | U144: =IF(T144=0, E143, ACOS( (SIN(H144-T144)/SIN(H144))*COS(E143) + (SIN(T144)/SIN(H144))*COS(E144) )) -> 1.1369323 | V144: =DEGREES(U144) -> 65.141421 | W144: =IF(T144=0, F143, ATAN2( SIN(E143)*COS(F143)*SIN(H144-T144) + SIN(E144)*COS(F144)*SIN(T144), SIN(E143)*SIN(F143)*SIN(H144-T144) + SIN(E144)*SIN(F144)*SIN(T144) )) -> -3.1350241 | X144: =MOD(DEGREES(W144), 360) -> 180.37635 | Z144: =IF(T144=0, 1, 2*TAN(T144/2)/T144) -> 1 | AA144: =0.5*R144*Z144 * (SIN(E143)*COS(F143) + SIN(U144)*COS(W144)) -> -9.0725082 | AB144: =0.5*R144*Z144 * (SIN(E143)*SIN(F143) + SIN(U144)*SIN(W144)) -> -0.058299745 | AC144: =0.5*R144*Z144 * (COS(E143) + COS(U144)) -> 4.2054958 | AD144: =M143+AA144 -> -2534.9518 | AE144: =N143+AB144 -> -751.66147 | AF144: =O143+AC144 -> 8686.5796
A145: 10157 | B145: 65.32 | C145: 180.77 | E145: =RADIANS(B145) -> 1.1400491 | F145: =RADIANS(C145) -> 3.1550317 | H145: =ACOS(MAX(-1,MIN(1, COS(E145-E144)-SIN(E144)*SIN(E145)*(1-COS(F145-F144))))) -> 0.0039687489 | I145: =IF(H145=0, 1, 2*TAN(H145/2)/H145) -> 1.0000013 | J145: =0.5*(A145-A144)*I145 * (SIN(E144)*COS(F144) + SIN(E145)*COS(F145)) -> -86.320028 | K145: =0.5*(A145-A144)*I145 * (SIN(E144)*SIN(F144) + SIN(E145)*SIN(F145)) -> -0.97177031 | L145: =0.5*(A145-A144)*I145 * (COS(E144) + COS(E145)) -> 39.659761 | M145: =M144+J145 -> -2701.1767 | N145: =N144+K145 -> -753.25836 | O145: =O144+L145 -> 8763.1014 | Q145: =A144+10 -> 10072 | R145: =IF(OR(Q145<A144, Q145>A145), "error", Q145-A144) -> 10 | S145: =A145-A144 -> 95 | T145: =H145 * (R145/S145) -> 0.00041776305 | U145: =IF(T145=0, E144, ACOS( (SIN(H145-T145)/SIN(H145))*COS(E144) + (SIN(T145)/SIN(H145))*COS(E145) )) -> 1.1402049 | V145: =DEGREES(U145) -> 65.328928 | W145: =IF(T145=0, F144, ATAN2( SIN(E144)*COS(F144)*SIN(H145-T145) + SIN(E145)*COS(F145)*SIN(T145), SIN(E144)*SIN(F144)*SIN(H145-T145) + SIN(E145)*SIN(F145)*SIN(T145) )) -> -3.1320577 | X145: =MOD(DEGREES(W145), 360) -> 180.54631 | Z145: =IF(T145=0, 1, 2*TAN(T145/2)/T145) -> 1 | AA145: =0.5*R145*Z145 * (SIN(E144)*COS(F144) + SIN(U145)*COS(W145)) -> -9.0868359 | AB145: =0.5*R145*Z145 * (SIN(E144)*SIN(F144) + SIN(U145)*SIN(W145)) -> -0.084558567 | AC145: =0.5*R145*Z145 * (COS(E144) + COS(U145)) -> 4.1739983 | AD145: =M144+AA145 -> -2623.9435 | AE145: =N144+AB145 -> -752.37115 | AF145: =O144+AC145 -> 8727.6156
A146: 10254 | B146: 65.27 | C146: 181.07 | E146: =RADIANS(B146) -> 1.1391764 | F146: =RADIANS(C146) -> 3.1602677 | H146: =ACOS(MAX(-1,MIN(1, COS(E146-E145)-SIN(E145)*SIN(E146)*(1-COS(F146-F145))))) -> 0.0048361319 | I146: =IF(H146=0, 1, 2*TAN(H146/2)/H146) -> 1.0000019 | J146: =0.5*(A146-A145)*I146 * (SIN(E145)*COS(F145) + SIN(E146)*COS(F146)) -> -88.110258 | K146: =0.5*(A146-A145)*I146 * (SIN(E145)*SIN(F145) + SIN(E146)*SIN(F146)) -> -1.4148643 | L146: =0.5*(A146-A145)*I146 * (COS(E145) + COS(E146)) -> 40.540872 | M146: =M145+J146 -> -2789.287 | N146: =N145+K146 -> -754.67323 | O146: =O145+L146 -> 8803.6422 | Q146: =A145+10 -> 10167 | R146: =IF(OR(Q146<A145, Q146>A146), "error", Q146-A145) -> 10 | S146: =A146-A145 -> 97 | T146: =H146 * (R146/S146) -> 0.0004985703 | U146: =IF(T146=0, E145, ACOS( (SIN(H146-T146)/SIN(H146))*COS(E145) + (SIN(T146)/SIN(H146))*COS(E146) )) -> 1.1399586 | V146: =DEGREES(U146) -> 65.314818 | W146: =IF(T146=0, F145, ATAN2( SIN(E145)*COS(F145)*SIN(H146-T146) + SIN(E146)*COS(F146)*SIN(T146), SIN(E145)*SIN(F145)*SIN(H146-T146) + SIN(E146)*SIN(F146)*SIN(T146) )) -> -3.127614 | X146: =MOD(DEGREES(W146), 360) -> 180.80092 | Z146: =IF(T146=0, 1, 2*TAN(T146/2)/T146) -> 1 | AA146: =0.5*R146*Z146 * (SIN(E145)*COS(F145) + SIN(U146)*COS(W146)) -> -9.0854971 | AB146: =0.5*R146*Z146 * (SIN(E145)*SIN(F145) + SIN(U146)*SIN(W146)) -> -0.12455933 | AC146: =0.5*R146*Z146 * (COS(E145) + COS(U146)) -> 4.1759102 | AD146: =M145+AA146 -> -2710.2622 | AE146: =N145+AB146 -> -753.38292 | AF146: =O145+AC146 -> 8767.2773
A147: 10350 | B147: 65.36 | C147: 181.21 | E147: =RADIANS(B147) -> 1.1407472 | F147: =RADIANS(C147) -> 3.1627111 | H147: =ACOS(MAX(-1,MIN(1, COS(E147-E146)-SIN(E146)*SIN(E147)*(1-COS(F147-F146))))) -> 0.0027196618 | I147: =IF(H147=0, 1, 2*TAN(H147/2)/H147) -> 1.0000006 | J147: =0.5*(A147-A146)*I147 * (SIN(E146)*COS(F146) + SIN(E147)*COS(F147)) -> -87.20998 | K147: =0.5*(A147-A146)*I147 * (SIN(E146)*SIN(F146) + SIN(E147)*SIN(F147)) -> -1.735463 | L147: =0.5*(A147-A146)*I147 * (COS(E146) + COS(E147)) -> 40.092417 | M147: =M146+J147 -> -2876.4969 | N147: =N146+K147 -> -756.40869 | O147: =O146+L147 -> 8843.7347 | Q147: =A146+10 -> 10264 | R147: =IF(OR(Q147<A146, Q147>A147), "error", Q147-A146) -> 10 | S147: =A147-A146 -> 96 | T147: =H147 * (R147/S147) -> 0.00028329811 | U147: =IF(T147=0, E146, ACOS( (SIN(H147-T147)/SIN(H147))*COS(E146) + (SIN(T147)/SIN(H147))*COS(E147) )) -> 1.1393399 | V147: =DEGREES(U147) -> 65.279369 | W147: =IF(T147=0, F146, ATAN2( SIN(E146)*COS(F146)*SIN(H147-T147) + SIN(E147)*COS(F147)*SIN(T147), SIN(E146)*SIN(F146)*SIN(H147-T147) + SIN(E147)*SIN(F147)*SIN(T147) )) -> -3.1226629 | X147: =MOD(DEGREES(W147), 360) -> 181.08459 | Z147: =IF(T147=0, 1, 2*TAN(T147/2)/T147) -> 1 | AA147: =0.5*R147*Z147 * (SIN(E146)*COS(F146) + SIN(U147)*COS(W147)) -> -9.081629 | AB147: =0.5*R147*Z147 * (SIN(E146)*SIN(F146) + SIN(U147)*SIN(W147)) -> -0.17077631 | AC147: =0.5*R147*Z147 * (COS(E146) + COS(U147)) -> 4.1826845 | AD147: =M146+AA147 -> -2798.3686 | AE147: =N146+AB147 -> -754.844 | AF147: =O146+AC147 -> 8807.8249
A148: 10446 | B148: 65.33 | C148: 181.18 | E148: =RADIANS(B148) -> 1.1402236 | F148: =RADIANS(C148) -> 3.1621875 | H148: =ACOS(MAX(-1,MIN(1, COS(E148-E147)-SIN(E147)*SIN(E148)*(1-COS(F148-F147))))) -> 0.00070753347 | I148: =IF(H148=0, 1, 2*TAN(H148/2)/H148) -> 1 | J148: =0.5*(A148-A147)*I148 * (SIN(E147)*COS(F147) + SIN(E148)*COS(F148)) -> -87.229286 | K148: =0.5*(A148-A147)*I148 * (SIN(E147)*SIN(F147) + SIN(E148)*SIN(F148)) -> -1.8195803 | L148: =0.5*(A148-A147)*I148 * (COS(E147) + COS(E148)) -> 40.046727 | M148: =M147+J148 -> -2963.7262 | N148: =N147+K148 -> -758.22827 | O148: =O147+L148 -> 8883.7814 | Q148: =A147+10 -> 10360 | R148: =IF(OR(Q148<A147, Q148>A148), "error", Q148-A147) -> 10 | S148: =A148-A147 -> 96 | T148: =H148 * (R148/S148) -> 7.3701403e-05 | U148: =IF(T148=0, E147, ACOS( (SIN(H148-T148)/SIN(H148))*COS(E147) + (SIN(T148)/SIN(H148))*COS(E148) )) -> 1.1406927 | V148: =DEGREES(U148) -> 65.356875 | W148: =IF(T148=0, F147, ATAN2( SIN(E147)*COS(F147)*SIN(H148-T148) + SIN(E148)*COS(F148)*SIN(T148), SIN(E147)*SIN(F147)*SIN(H148-T148) + SIN(E148)*SIN(F148)*SIN(T148) )) -> -3.1205287 | X148: =MOD(DEGREES(W148), 360) -> 181.20688 | Z148: =IF(T148=0, 1, 2*TAN(T148/2)/T148) -> 1 | AA148: =0.5*R148*Z148 * (SIN(E147)*COS(F147) + SIN(U148)*COS(W148)) -> -9.0873174 | AB148: =0.5*R148*Z148 * (SIN(E147)*SIN(F147) + SIN(U148)*SIN(W148)) -> -0.19169103 | AC148: =0.5*R148*Z148 * (COS(E147) + COS(U148)) -> 4.1694025 | AD148: =M147+AA148 -> -2885.5843 | AE148: =N147+AB148 -> -756.60038 | AF148: =O147+AC148 -> 8847.9041
A149: 10541 | B149: 65.32 | C149: 181.24 | E149: =RADIANS(B149) -> 1.1400491 | F149: =RADIANS(C149) -> 3.1632347 | H149: =ACOS(MAX(-1,MIN(1, COS(E149-E148)-SIN(E148)*SIN(E149)*(1-COS(F149-F148))))) -> 0.00096745188 | I149: =IF(H149=0, 1, 2*TAN(H149/2)/H149) -> 1.0000001 | J149: =0.5*(A149-A148)*I149 * (SIN(E148)*COS(F148) + SIN(E149)*COS(F149)) -> -86.306335 | K149: =0.5*(A149-A148)*I149 * (SIN(E148)*SIN(F148) + SIN(E149)*SIN(F149)) -> -1.8229281 | L149: =0.5*(A149-A148)*I149 * (COS(E148) + COS(E149)) -> 39.659712 | M149: =M148+J149 -> -3050.0326 | N149: =N148+K149 -> -760.0512 | O149: =O148+L149 -> 8923.4411 | Q149: =A148+10 -> 10456 | R149: =IF(OR(Q149<A148, Q149>A149), "error", Q149-A148) -> 10 | S149: =A149-A148 -> 95 | T149: =H149 * (R149/S149) -> 0.00010183704 | U149: =IF(T149=0, E148, ACOS( (SIN(H149-T149)/SIN(H149))*COS(E148) + (SIN(T149)/SIN(H149))*COS(E149) )) -> 1.1402052 | V149: =DEGREES(U149) -> 65.328946 | W149: =IF(T149=0, F148, ATAN2( SIN(E148)*COS(F148)*SIN(H149-T149) + SIN(E149)*COS(F149)*SIN(T149), SIN(E148)*SIN(F148)*SIN(H149-T149) + SIN(E149)*SIN(F149)*SIN(T149) )) -> -3.1208875 | X149: =MOD(DEGREES(W149), 360) -> 181.18632 | Z149: =IF(T149=0, 1, 2*TAN(T149/2)/T149) -> 1 | AA149: =0.5*R149*Z149 * (SIN(E148)*COS(F148) + SIN(U149)*COS(W149)) -> -9.0852927 | AB149: =0.5*R149*Z149 * (SIN(E148)*SIN(F148) + SIN(U149)*SIN(W149)) -> -0.18763793 | AC149: =0.5*R149*Z149 * (COS(E148) + COS(U149)) -> 4.1739968 | AD149: =M148+AA149 -> -2972.8115 | AE149: =N148+AB149 -> -758.41591 | AF149: =O148+AC149 -> 8887.9554
A150: 10638 | B150: 65.3 | C150: 181.33 | E150: =RADIANS(B150) -> 1.1397 | F150: =RADIANS(C150) -> 3.1648055 | H150: =ACOS(MAX(-1,MIN(1, COS(E150-E149)-SIN(E149)*SIN(E150)*(1-COS(F150-F149))))) -> 0.0014692634 | I150: =IF(H150=0, 1, 2*TAN(H150/2)/H150) -> 1.0000002 | J150: =0.5*(A150-A149)*I150 * (SIN(E149)*COS(F149) + SIN(E150)*COS(F150)) -> -88.11019 | K150: =0.5*(A150-A149)*I150 * (SIN(E149)*SIN(F149) + SIN(E150)*SIN(F150)) -> -1.9764154 | L150: =0.5*(A150-A149)*I150 * (COS(E149) + COS(E150)) -> 40.517731 | M150: =M149+J150 -> -3138.1428 | N150: =N149+K150 -> -762.02761 | O150: =O149+L150 -> 8963.9588 | Q150: =A149+10 -> 10551 | R150: =IF(OR(Q150<A149, Q150>A150), "error", Q150-A149) -> 10 | S150: =A150-A149 -> 97 | T150: =H150 * (R150/S150) -> 0.00015147045 | U150: =IF(T150=0, E149, ACOS( (SIN(H150-T150)/SIN(H150))*COS(E149) + (SIN(T150)/SIN(H150))*COS(E150) )) -> 1.140013 | V150: =DEGREES(U150) -> 65.317936 | W150: =IF(T150=0, F149, ATAN2( SIN(E149)*COS(F149)*SIN(H150-T150) + SIN(E150)*COS(F150)*SIN(T150), SIN(E149)*SIN(F149)*SIN(H150-T150) + SIN(E150)*SIN(F150)*SIN(T150) )) -> -3.1197887 | X150: =MOD(DEGREES(W150), 360) -> 181.24928 | Z150: =IF(T150=0, 1, 2*TAN(T150/2)/T150) -> 1 | AA150: =0.5*R150*Z150 * (SIN(E149)*COS(F149) + SIN(U150)*COS(W150)) -> -9.0843208 | AB150: =0.5*R150*Z150 * (SIN(E149)*SIN(F149) + SIN(U150)*SIN(W150)) -> -0.1973701 | AC150: =0.5*R150*Z150 * (COS(E149) + COS(U150)) -> 4.1756629 | AD150: =M149+AA150 -> -3059.1169 | AE150: =N149+AB150 -> -760.24857 | AF150: =O149+AC150 -> 8927.6168
A151: 10734 | B151: 65.29 | C151: 181.31 | E151: =RADIANS(B151) -> 1.1395255 | F151: =RADIANS(C151) -> 3.1644565 | H151: =ACOS(MAX(-1,MIN(1, COS(E151-E150)-SIN(E150)*SIN(E151)*(1-COS(F151-F150))))) -> 0.00036197318 | I151: =IF(H151=0, 1, 2*TAN(H151/2)/H151) -> 1 | J151: =0.5*(A151-A150)*I151 * (SIN(E150)*COS(F150) + SIN(E151)*COS(F151)) -> -87.190139 | K151: =0.5*(A151-A150)*I151 * (SIN(E150)*SIN(F150) + SIN(E151)*SIN(F151)) -> -2.0090727 | L151: =0.5*(A151-A150)*I151 * (COS(E150) + COS(E151)) -> 40.12285 | M151: =M150+J151 -> -3225.3329 | N151: =N150+K151 -> -764.03669 | O151: =O150+L151 -> 9004.0817 | Q151: =A150+10 -> 10648 | R151: =IF(OR(Q151<A150, Q151>A151), "error", Q151-A150) -> 10 | S151: =A151-A150 -> 96 | T151: =H151 * (R151/S151) -> 3.770554e-05 | U151: =IF(T151=0, E150, ACOS( (SIN(H151-T151)/SIN(H151))*COS(E150) + (SIN(T151)/SIN(H151))*COS(E151) )) -> 1.1396818 | V151: =DEGREES(U151) -> 65.298958 | W151: =IF(T151=0, F150, ATAN2( SIN(E150)*COS(F150)*SIN(H151-T151) + SIN(E151)*COS(F151)*SIN(T151), SIN(E150)*SIN(F150)*SIN(H151-T151) + SIN(E151)*SIN(F151)*SIN(T151) )) -> -3.1184161 | X151: =MOD(DEGREES(W151), 360) -> 181.32792 | Z151: =IF(T151=0, 1, 2*TAN(T151/2)/T151) -> 1 | AA151: =0.5*R151*Z151 * (SIN(E150)*COS(F150) + SIN(U151)*COS(W151)) -> -9.0826 | AB151: =0.5*R151*Z151 * (SIN(E150)*SIN(F150) + SIN(U151)*SIN(W151)) -> -0.21070597 | AC151: =0.5*R151*Z151 * (COS(E150) + COS(U151)) -> 4.1787533 | AD151: =M150+AA151 -> -3147.2254 | AE151: =N150+AB151 -> -762.23832 | AF151: =O150+AC151 -> 8968.1376
A152: 10831 | B152: 65.43 | C152: 181.25 | E152: =RADIANS(B152) -> 1.1419689 | F152: =RADIANS(C152) -> 3.1634093 | H152: =ACOS(MAX(-1,MIN(1, COS(E152-E151)-SIN(E151)*SIN(E152)*(1-COS(F152-F151))))) -> 0.0026223101 | I152: =IF(H152=0, 1, 2*TAN(H152/2)/H152) -> 1.0000006 | J152: =0.5*(A152-A151)*I152 * (SIN(E151)*COS(F151) + SIN(E152)*COS(F152)) -> -88.145664 | K152: =0.5*(A152-A151)*I152 * (SIN(E151)*SIN(F151) + SIN(E152)*SIN(F152)) -> -1.9694948 | L152: =0.5*(A152-A151)*I152 * (COS(E151) + COS(E152)) -> 40.440792 | M152: =M151+J152 -> -3313.4786 | N152: =N151+K152 -> -766.00618 | O152: =O151+L152 -> 9044.5225 | Q152: =A151+10 -> 10744 | R152: =IF(OR(Q152<A151, Q152>A152), "error", Q152-A151) -> 10 | S152: =A152-A151 -> 97 | T152: =H152 * (R152/S152) -> 0.00027034124 | U152: =IF(T152=0, E151, ACOS( (SIN(H152-T152)/SIN(H152))*COS(E151) + (SIN(T152)/SIN(H152))*COS(E152) )) -> 1.1397774 | V152: =DEGREES(U152) -> 65.304432 | W152: =IF(T152=0, F151, ATAN2( SIN(E151)*COS(F151)*SIN(H152-T152) + SIN(E152)*COS(F152)*SIN(T152), SIN(E151)*SIN(F151)*SIN(H152-T152) + SIN(E152)*SIN(F152)*SIN(T152) )) -> -3.1188369 | X152: =MOD(DEGREES(W152), 360) -> 181.30381 | Z152: =IF(T152=0, 1, 2*TAN(T152/2)/T152) -> 1 | AA152: =0.5*R152*Z152 * (SIN(E151)*COS(F151) + SIN(U152)*COS(W152)) -> -9.0825154 | AB152: =0.5*R152*Z152 * (SIN(E151)*SIN(F151) + SIN(U152)*SIN(W152)) -> -0.20720608 | AC152: =0.5*R152*Z152 * (COS(E151) + COS(U152)) -> 4.1791122 | AD152: =M151+AA152 -> -3234.4154 | AE152: =N151+AB152 -> -764.24389 | AF152: =O151+AC152 -> 9008.2608
... A207: 16150 | B207: 55.56 | C207: 113.5 | E207: =RADIANS(B207) -> 0.96970493 | F207: =RADIANS(C207) -> 1.9809487 | H207: =ACOS(MAX(-1,MIN(1, COS(E207-E206)-SIN(E206)*SIN(E207)*(1-COS(F207-F206))))) -> 0.045381962 | I207: =IF(H207=0, 1, 2*TAN(H207/2)/H207) -> 1.0001717 | J207: =0.5*(A207-A206)*I207 * (SIN(E206)*COS(F206) + SIN(E207)*COS(F207)) -> -33.861956 | K207: =0.5*(A207-A206)*I207 * (SIN(E206)*SIN(F206) + SIN(E207)*SIN(F207)) -> 72.374699 | L207: =0.5*(A207-A206)*I207 * (COS(E206) + COS(E207)) -> 54.978689 | M207: =M206+J207 -> -7576.0628 | N207: =N206+K207 -> 132.87476 | O207: =O206+L207 -> 11591.316 | Q207: =A206+10 -> 16063 | R207: =IF(OR(Q207<A206, Q207>A207), "error", Q207-A206) -> 10 | S207: =A207-A206 -> 97 | T207: =H207 * (R207/S207) -> 0.0046785528 | U207: =IF(T207=0, E206, ACOS( (SIN(H207-T207)/SIN(H207))*COS(E206) + (SIN(T207)/SIN(H207))*COS(E207) )) -> 0.96713495 | V207: =DEGREES(U207) -> 55.412751 | W207: =IF(T207=0, F206, ATAN2( SIN(E206)*COS(F206)*SIN(H207-T207) + SIN(E207)*COS(F207)*SIN(T207), SIN(E206)*SIN(F206)*SIN(H207-T207) + SIN(E207)*SIN(F207)*SIN(T207) )) -> 2.0302496 | X207: =MOD(DEGREES(W207), 360) -> 116.32474 | Z207: =IF(T207=0, 1, 2*TAN(T207/2)/T207) -> 1.0000018 | AA207: =0.5*R207*Z207 * (SIN(E206)*COS(F206) + SIN(U207)*COS(W207)) -> -3.6714643 | AB207: =0.5*R207*Z207 * (SIN(E206)*SIN(F206) + SIN(U207)*SIN(W207)) -> 7.3678898 | AC207: =0.5*R207*Z207 * (COS(E206) + COS(U207)) -> 5.6775318 | AD207: =M206+AA207 -> -7545.8723 | AE207: =N206+AB207 -> 67.867951 | AF207: =O206+AC207 -> 11542.015
A208: 16246 | B208: 56.06 | C208: 109.97 | E208: =RADIANS(B208) -> 0.97843158 | F208: =RADIANS(C208) -> 1.9193386 | H208: =ACOS(MAX(-1,MIN(1, COS(E208-E207)-SIN(E207)*SIN(E208)*(1-COS(F208-F207))))) -> 0.051701451 | I208: =IF(H208=0, 1, 2*TAN(H208/2)/H208) -> 1.0002228 | J208: =0.5*(A208-A207)*I208 * (SIN(E207)*COS(F207) + SIN(E208)*COS(F208)) -> -29.391923 | K208: =0.5*(A208-A207)*I208 * (SIN(E207)*SIN(F207) + SIN(E208)*SIN(F208)) -> 73.747094 | L208: =0.5*(A208-A207)*I208 * (COS(E207) + COS(E208)) -> 53.957652 | M208: =M207+J208 -> -7605.4547 | N208: =N207+K208 -> 206.62185 | O208: =O207+L208 -> 11645.274 | Q208: 16150 | R208: =IF(OR(Q208<A207, Q208>A208), "error", Q208-A207) -> 0 | S208: =A208-A207 -> 96 | T208: =H208 * (R208/S208) -> 0 | U208: =IF(T208=0, E207, ACOS( (SIN(H208-T208)/SIN(H208))*COS(E207) + (SIN(T208)/SIN(H208))*COS(E208) )) -> 0.96970493 | V208: =DEGREES(U208) -> 55.56 | W208: =IF(T208=0, F207, ATAN2( SIN(E207)*COS(F207)*SIN(H208-T208) + SIN(E208)*COS(F208)*SIN(T208), SIN(E207)*SIN(F207)*SIN(H208-T208) + SIN(E208)*SIN(F208)*SIN(T208) )) -> 1.9809487 | X208: =MOD(DEGREES(W208), 360) -> 113.5 | Z208: =IF(T208=0, 1, 2*TAN(T208/2)/T208) -> 1 | AA208: =0.5*R208*Z208 * (SIN(E207)*COS(F207) + SIN(U208)*COS(W208)) -> 0 | AB208: =0.5*R208*Z208 * (SIN(E207)*SIN(F207) + SIN(U208)*SIN(W208)) -> 0 | AC208: =0.5*R208*Z208 * (COS(E207) + COS(U208)) -> 0 | AD208: =M207+AA208 -> -7576.0628 | AE208: =N207+AB208 -> 132.87476 | AF208: =O207+AC208 -> 11591.316
A209: 16342 | B209: 56.39 | C209: 107.29 | E209: =RADIANS(B209) -> 0.98419117 | F209: =RADIANS(C209) -> 1.8725638 | H209: =ACOS(MAX(-1,MIN(1, COS(E209-E208)-SIN(E208)*SIN(E209)*(1-COS(F209-F208))))) -> 0.039303579 | I209: =IF(H209=0, 1, 2*TAN(H209/2)/H209) -> 1.0001288 | J209: =0.5*(A209-A208)*I209 * (SIN(E208)*COS(F208) + SIN(E209)*COS(F209)) -> -25.484646 | K209: =0.5*(A209-A208)*I209 * (SIN(E208)*SIN(F208) + SIN(E209)*SIN(F209)) -> 75.606389 | L209: =0.5*(A209-A208)*I209 * (COS(E208) + COS(E209)) -> 53.376216 | M209: =M208+J209 -> -7630.9393 | N209: =N208+K209 -> 282.22824 | O209: =O208+L209 -> 11698.65 | Q209: =A208+10 -> 16256 | R209: =IF(OR(Q209<A208, Q209>A209), "error", Q209-A208) -> 10 | S209: =A209-A208 -> 96 | T209: =H209 * (R209/S209) -> 0.0040941228 | U209: =IF(T209=0, E208, ACOS( (SIN(H209-T209)/SIN(H209))*COS(E208) + (SIN(T209)/SIN(H209))*COS(E209) )) -> 0.97898423 | V209: =DEGREES(U209) -> 56.091665 | W209: =IF(T209=0, F208, ATAN2( SIN(E208)*COS(F208)*SIN(H209-T209) + SIN(E209)*COS(F209)*SIN(T209), SIN(E208)*SIN(F208)*SIN(H209-T209) + SIN(E209)*SIN(F209)*SIN(T209) )) -> 1.9144497 | X209: =MOD(DEGREES(W209), 360) -> 109.68989 | Z209: =IF(T209=0, 1, 2*TAN(T209/2)/T209) -> 1.0000014 | AA209: =0.5*R209*Z209 * (SIN(E208)*COS(F208) + SIN(U209)*COS(W209)) -> -2.814841 | AB209: =0.5*R209*Z209 * (SIN(E208)*SIN(F208) + SIN(U209)*SIN(W209)) -> 7.8057303 | AC209: =0.5*R209*Z209 * (COS(E208) + COS(U209)) -> 5.5809592 | AD209: =M208+AA209 -> -7608.2695 | AE209: =N208+AB209 -> 214.42758 | AF209: =O208+AC209 -> 11650.855
A210: 16438 | B210: 56.75 | C210: 104.49 | E210: =RADIANS(B210) -> 0.99047435 | F210: =RADIANS(C210) -> 1.8236945 | H210: =ACOS(MAX(-1,MIN(1, COS(E210-E209)-SIN(E209)*SIN(E210)*(1-COS(F210-F209))))) -> 0.041264054 | I210: =IF(H210=0, 1, 2*TAN(H210/2)/H210) -> 1.0001419 | J210: =0.5*(A210-A209)*I210 * (SIN(E209)*COS(F209) + SIN(E210)*COS(F210)) -> -21.928089 | K210: =0.5*(A210-A209)*I210 * (SIN(E209)*SIN(F209) + SIN(E210)*SIN(F210)) -> 77.045006 | L210: =0.5*(A210-A209)*I210 * (COS(E209) + COS(E210)) -> 52.895353 | M210: =M209+J210 -> -7652.8674 | N210: =N209+K210 -> 359.27325 | O210: =O209+L210 -> 11751.545 | Q210: =A209+10 -> 16352 | R210: =IF(OR(Q210<A209, Q210>A210), "error", Q210-A209) -> 10 | S210: =A210-A209 -> 96 | T210: =H210 * (R210/S210) -> 0.0042983389 | U210: =IF(T210=0, E209, ACOS( (SIN(H210-T210)/SIN(H210))*COS(E209) + (SIN(T210)/SIN(H210))*COS(E210) )) -> 0.98479428 | V210: =DEGREES(U210) -> 56.424556 | W210: =IF(T210=0, F209, ATAN2( SIN(E209)*COS(F209)*SIN(H210-T210) + SIN(E210)*COS(F210)*SIN(T210), SIN(E209)*SIN(F209)*SIN(H210-T210) + SIN(E210)*SIN(F210)*SIN(T210) )) -> 1.8674547 | X210: =MOD(DEGREES(W210), 360) -> 106.99727 | Z210: =IF(T210=0, 1, 2*TAN(T210/2)/T210) -> 1.0000015 | AA210: =0.5*R210*Z210 * (SIN(E209)*COS(F209) + SIN(U210)*COS(W210)) -> -2.4553854 | AB210: =0.5*R210*Z210 * (SIN(E209)*SIN(F209) + SIN(U210)*SIN(W210)) -> 7.9597943 | AC210: =0.5*R210*Z210 * (COS(E209) + COS(U210)) -> 5.5328657 | AD210: =M209+AA210 -> -7633.3947 | AE210: =N209+AB210 -> 290.18804 | AF210: =O209+AC210 -> 11704.183
A211: 16534 | B211: 57.45 | C211: 101.25 | E211: =RADIANS(B211) -> 1.0026917 | F211: =RADIANS(C211) -> 1.7671459 | H211: =ACOS(MAX(-1,MIN(1, COS(E211-E210)-SIN(E210)*SIN(E211)*(1-COS(F211-F210))))) -> 0.049023606 | I211: =IF(H211=0, 1, 2*TAN(H211/2)/H211) -> 1.0002003 | J211: =0.5*(A211-A210)*I211 * (SIN(E210)*COS(F210) + SIN(E211)*COS(F211)) -> -17.940905 | K211: =0.5*(A211-A210)*I211 * (SIN(E210)*SIN(F210) + SIN(E211)*SIN(F211)) -> 78.56345 | L211: =0.5*(A211-A210)*I211 * (COS(E210) + COS(E211)) -> 52.15422 | M211: =M210+J211 -> -7670.8083 | N211: =N210+K211 -> 437.8367 | O211: =O210+L211 -> 11803.699 | Q211: =A210+10 -> 16448 | R211: =IF(OR(Q211<A210, Q211>A211), "error", Q211-A210) -> 10 | S211: =A211-A210 -> 96 | T211: =H211 * (R211/S211) -> 0.0051066257 | U211: =IF(T211=0, E210, ACOS( (SIN(H211-T211)/SIN(H211))*COS(E210) + (SIN(T211)/SIN(H211))*COS(E211) )) -> 0.99167855 | V211: =DEGREES(U211) -> 56.818995 | W211: =IF(T211=0, F210, ATAN2( SIN(E210)*COS(F210)*SIN(H211-T211) + SIN(E211)*COS(F211)*SIN(T211), SIN(E210)*SIN(F210)*SIN(H211-T211) + SIN(E211)*SIN(F211)*SIN(T211) )) -> 1.8177628 | X211: =MOD(DEGREES(W211), 360) -> 104.15013 | Z211: =IF(T211=0, 1, 2*TAN(T211/2)/T211) -> 1.0000022 | AA211: =0.5*R211*Z211 * (SIN(E210)*COS(F210) + SIN(U211)*COS(W211)) -> -2.0692584 | AB211: =0.5*R211*Z211 * (SIN(E210)*SIN(F210) + SIN(U211)*SIN(W211)) -> 8.1062006 | AC211: =0.5*R211*Z211 * (COS(E210) + COS(U211)) -> 5.4779069 | AD211: =M210+AA211 -> -7654.9367 | AE211: =N210+AB211 -> 367.37945 | AF211: =O210+AC211 -> 11757.023
A212: 16630 | B212: 58.44 | C212: 98.76 | E212: =RADIANS(B212) -> 1.0199704 | F212: =RADIANS(C212) -> 1.7236872 | H212: =ACOS(MAX(-1,MIN(1, COS(E212-E211)-SIN(E211)*SIN(E212)*(1-COS(F212-F211))))) -> 0.040682768 | I212: =IF(H212=0, 1, 2*TAN(H212/2)/H212) -> 1.0001379 | J212: =0.5*(A212-A211)*I212 * (SIN(E211)*COS(F211) + SIN(E212)*COS(F212)) -> -14.124324 | K212: =0.5*(A212-A211)*I212 * (SIN(E211)*SIN(F211) + SIN(E212)*SIN(F212)) -> 80.117221 | L212: =0.5*(A212-A211)*I212 * (COS(E211) + COS(E212)) -> 50.955503 | M212: =M211+J212 -> -7684.9327 | N212: =N211+K212 -> 517.95392 | O212: =O211+L212 -> 11854.655 | Q212: =A211+10 -> 16544 | R212: =IF(OR(Q212<A211, Q212>A212), "error", Q212-A211) -> 10 | S212: =A212-A211 -> 96 | T212: =H212 * (R212/S212) -> 0.0042377883 | U212: =IF(T212=0, E211, ACOS( (SIN(H212-T212)/SIN(H212))*COS(E211) + (SIN(T212)/SIN(H212))*COS(E212) )) -> 1.0044516 | V212: =DEGREES(U212) -> 57.550836 | W212: =IF(T212=0, F211, ATAN2( SIN(E211)*COS(F211)*SIN(H212-T212) + SIN(E212)*COS(F212)*SIN(T212), SIN(E211)*SIN(F211)*SIN(H212-T212) + SIN(E212)*SIN(F212)*SIN(T212) )) -> 1.762575 | X212: =MOD(DEGREES(W212), 360) -> 100.98811 | Z212: =IF(T212=0, 1, 2*TAN(T212/2)/T212) -> 1.0000015 | AA212: =0.5*R212*Z212 * (SIN(E211)*COS(F211) + SIN(U212)*COS(W212)) -> -1.6264604 | AB212: =0.5*R212*Z212 * (SIN(E211)*SIN(F211) + SIN(U212)*SIN(W212)) -> 8.2756261 | AC212: =0.5*R212*Z212 * (COS(E211) + COS(U212)) -> 5.3729405 | AD212: =M211+AA212 -> -7672.4348 | AE212: =N211+AB212 -> 446.11233 | AF212: =O211+AC212 -> 11809.072
A213: 16727 | B213: 59.52 | C213: 96.56 | E213: =RADIANS(B213) -> 1.03882 | F213: =RADIANS(C213) -> 1.6852899 | H213: =ACOS(MAX(-1,MIN(1, COS(E213-E212)-SIN(E212)*SIN(E213)*(1-COS(F213-F212))))) -> 0.037921044 | I213: =IF(H213=0, 1, 2*TAN(H213/2)/H213) -> 1.0001199 | J213: =0.5*(A213-A212)*I213 * (SIN(E212)*COS(F212) + SIN(E213)*COS(F213)) -> -11.07029 | K213: =0.5*(A213-A212)*I213 * (SIN(E212)*SIN(F212) + SIN(E213)*SIN(F213)) -> 82.37823 | L213: =0.5*(A213-A212)*I213 * (COS(E212) + COS(E213)) -> 49.991484 | M213: =M212+J213 -> -7696.0029 | N213: =N212+K213 -> 600.33215 | O213: =O212+L213 -> 11904.646 | Q213: =A212+10 -> 16640 | R213: =IF(OR(Q213<A212, Q213>A213), "error", Q213-A212) -> 10 | S213: =A213-A212 -> 97 | T213: =H213 * (R213/S213) -> 0.0039093859 | U213: =IF(T213=0, E212, ACOS( (SIN(H213-T213)/SIN(H213))*COS(E212) + (SIN(T213)/SIN(H213))*COS(E213) )) -> 1.0218833 | V213: =DEGREES(U213) -> 58.5496 | W213: =IF(T213=0, F212, ATAN2( SIN(E212)*COS(F212)*SIN(H213-T213) + SIN(E213)*COS(F213)*SIN(T213), SIN(E212)*SIN(F212)*SIN(H213-T213) + SIN(E213)*SIN(F213)*SIN(T213) )) -> 1.7196883 | X213: =MOD(DEGREES(W213), 360) -> 98.53088 | Z213: =IF(T213=0, 1, 2*TAN(T213/2)/T213) -> 1.0000013 | AA213: =0.5*R213*Z213 * (SIN(E212)*COS(F212) + SIN(U213)*COS(W213)) -> -1.2816014 | AB213: =0.5*R213*Z213 * (SIN(E212)*SIN(F212) + SIN(U213)*SIN(W213)) -> 8.4290429 | AC213: =0.5*R213*Z213 * (COS(E212) + COS(U213)) -> 5.2257637 | AD213: =M212+AA213 -> -7686.2143 | AE213: =N212+AB213 -> 526.38296 | AF213: =O212+AC213 -> 11859.881
A214: 16824 | B214: 60.59 | C214: 93.99 | E214: =RADIANS(B214) -> 1.057495 | F214: =RADIANS(C214) -> 1.640435 | H214: =ACOS(MAX(-1,MIN(1, COS(E214-E213)-SIN(E213)*SIN(E214)*(1-COS(F214-F213))))) -> 0.043119057 | I214: =IF(H214=0, 1, 2*TAN(H214/2)/H214) -> 1.000155 | J214: =0.5*(A214-A213)*I214 * (SIN(E213)*COS(F213) + SIN(E214)*COS(F214)) -> -7.7161401 | K214: =0.5*(A214-A213)*I214 * (SIN(E213)*SIN(F213) + SIN(E214)*SIN(F214)) -> 83.684221 | L214: =0.5*(A214-A213)*I214 * (COS(E213) + COS(E214)) -> 48.424731 | M214: =M213+J214 -> -7703.7191 | N214: =N213+K214 -> 684.01637 | O214: =O213+L214 -> 11953.071 | Q214: =A213+10 -> 16737 | R214: =IF(OR(Q214<A213, Q214>A214), "error", Q214-A213) -> 10 | S214: =A214-A213 -> 97 | T214: =H214 * (R214/S214) -> 0.0044452637 | U214: =IF(T214=0, E213, ACOS( (SIN(H214-T214)/SIN(H214))*COS(E213) + (SIN(T214)/SIN(H214))*COS(E214) )) -> 1.0407046 | V214: =DEGREES(U214) -> 59.627984 | W214: =IF(T214=0, F213, ATAN2( SIN(E213)*COS(F213)*SIN(H214-T214) + SIN(E214)*COS(F214)*SIN(T214), SIN(E213)*SIN(F213)*SIN(H214-T214) + SIN(E214)*SIN(F214)*SIN(T214) )) -> 1.680621 | X214: =MOD(DEGREES(W214), 360) -> 96.292489 | Z214: =IF(T214=0, 1, 2*TAN(T214/2)/T214) -> 1.0000016 | AA214: =0.5*R214*Z214 * (SIN(E213)*COS(F213) + SIN(U214)*COS(W214)) -> -0.96509107 | AB214: =0.5*R214*Z214 * (SIN(E213)*SIN(F213) + SIN(U214)*SIN(W214)) -> 8.5686476 | AC214: =0.5*R214*Z214 * (COS(E213) + COS(U214)) -> 5.0642584 | AD214: =M213+AA214 -> -7696.968 | AE214: =N213+AB214 -> 608.9008 | AF214: =O213+AC214 -> 11909.711
A215: 16920 | B215: 61.17 | C215: 91.47 | E215: =RADIANS(B215) -> 1.0676179 | F215: =RADIANS(C215) -> 1.5964527 | H215: =ACOS(MAX(-1,MIN(1, COS(E215-E214)-SIN(E214)*SIN(E215)*(1-COS(F215-F214))))) -> 0.039733143 | I215: =IF(H215=0, 1, 2*TAN(H215/2)/H215) -> 1.0001316 | J215: =0.5*(A215-A214)*I215 * (SIN(E214)*COS(F214) + SIN(E215)*COS(F215)) -> -3.9887985 | K215: =0.5*(A215-A214)*I215 * (SIN(E214)*SIN(F214) + SIN(E215)*SIN(F215)) -> 83.760589 | L215: =0.5*(A215-A214)*I215 * (COS(E214) + COS(E215)) -> 46.723023 | M215: =M214+J215 -> -7707.7079 | N215: =N214+K215 -> 767.77696 | O215: =O214+L215 -> 11999.794 | Q215: =A214+10 -> 16834 | R215: =IF(OR(Q215<A214, Q215>A215), "error", Q215-A214) -> 10 | S215: =A215-A214 -> 96 | T215: =H215 * (R215/S215) -> 0.004138869 | U215: =IF(T215=0, E214, ACOS( (SIN(H215-T215)/SIN(H215))*COS(E214) + (SIN(T215)/SIN(H215))*COS(E215) )) -> 1.0585109 | V215: =DEGREES(U215) -> 60.648208 | W215: =IF(T215=0, F214, ATAN2( SIN(E214)*COS(F214)*SIN(H215-T215) + SIN(E215)*COS(F215)*SIN(T215), SIN(E214)*SIN(F214)*SIN(H215-T215) + SIN(E215)*SIN(F215)*SIN(T215) )) -> 1.6358305 | X215: =MOD(DEGREES(W215), 360) -> 93.726182 | Z215: =IF(T215=0, 1, 2*TAN(T215/2)/T215) -> 1.0000014 | AA215: =0.5*R215*Z215 * (SIN(E214)*COS(F214) + SIN(U215)*COS(W215)) -> -0.58630429 | AB215: =0.5*R215*Z215 * (SIN(E214)*SIN(F214) + SIN(U215)*SIN(W215)) -> 8.6940156 | AC215: =0.5*R215*Z215 * (COS(E214) + COS(U215)) -> 4.9061388 | AD215: =M214+AA215 -> -7704.3054 | AE215: =N214+AB215 -> 692.71039 | AF215: =O214+AC215 -> 11957.977
A216: 17016 | B216: 62 | C216: 88.38 | E216: =RADIANS(B216) -> 1.0821041 | F216: =RADIANS(C216) -> 1.542522 | H216: =ACOS(MAX(-1,MIN(1, COS(E216-E215)-SIN(E215)*SIN(E216)*(1-COS(F216-F215))))) -> 0.049594089 | I216: =IF(H216=0, 1, 2*TAN(H216/2)/H216) -> 1.000205 | J216: =0.5*(A216-A215)*I216 * (SIN(E215)*COS(F215) + SIN(E216)*COS(F216)) -> 0.11942675 | K216: =0.5*(A216-A215)*I216 * (SIN(E215)*SIN(F215) + SIN(E216)*SIN(F216)) -> 84.418616 | L216: =0.5*(A216-A215)*I216 * (COS(E215) + COS(E216)) -> 45.690197 | M216: =M215+J216 -> -7707.5885 | N216: =N215+K216 -> 852.19558 | O216: =O215+L216 -> 12045.484 | Q216: =A215+10 -> 16930 | R216: =IF(OR(Q216<A215, Q216>A216), "error", Q216-A215) -> 10 | S216: =A216-A215 -> 96 | T216: =H216 * (R216/S216) -> 0.005166051 | U216: =IF(T216=0, E215, ACOS( (SIN(H216-T216)/SIN(H216))*COS(E215) + (SIN(T216)/SIN(H216))*COS(E216) )) -> 1.0690697 | V216: =DEGREES(U216) -> 61.253182 | W216: =IF(T216=0, F215, ATAN2( SIN(E215)*COS(F215)*SIN(H216-T216) + SIN(E216)*COS(F216)*SIN(T216), SIN(E215)*SIN(F215)*SIN(H216-T216) + SIN(E216)*SIN(F216)*SIN(T216) )) -> 1.5907956 | X216: =MOD(DEGREES(W216), 360) -> 91.145875 | Z216: =IF(T216=0, 1, 2*TAN(T216/2)/T216) -> 1.0000022 | AA216: =0.5*R216*Z216 * (SIN(E215)*COS(F215) + SIN(U216)*COS(W216)) -> -0.20003625 | AB216: =0.5*R216*Z216 * (SIN(E215)*SIN(F215) + SIN(U216)*SIN(W216)) -> 8.7617402 | AC216: =0.5*R216*Z216 * (COS(E215) + COS(U216)) -> 4.8157733 | AD216: =M215+AA216 -> -7707.9079 | AE216: =N215+AB216 -> 776.5387 | AF216: =O215+AC216 -> 12004.61
A217: 17113 | B217: 62.87 | C217: 85.72 | E217: =RADIANS(B217) -> 1.0972885 | F217: =RADIANS(C217) -> 1.4960962 | H217: =ACOS(MAX(-1,MIN(1, COS(E217-E216)-SIN(E216)*SIN(E217)*(1-COS(F217-F216))))) -> 0.04386617 | I217: =IF(H217=0, 1, 2*TAN(H217/2)/H217) -> 1.0001604 | J217: =0.5*(A217-A216)*I217 * (SIN(E216)*COS(F216) + SIN(E217)*COS(F217)) -> 4.4326781 | K217: =0.5*(A217-A216)*I217 * (SIN(E216)*SIN(F216) + SIN(E217)*SIN(F217)) -> 85.862985 | L217: =0.5*(A217-A216)*I217 * (COS(E216) + COS(E217)) -> 44.893101 | M217: =M216+J217 -> -7703.1558 | N217: =N216+K217 -> 938.05856 | O217: =O216+L217 -> 12090.377 | Q217: =A216+10 -> 17026 | R217: =IF(OR(Q217<A216, Q217>A217), "error", Q217-A216) -> 10 | S217: =A217-A216 -> 97 | T217: =H217 * (R217/S217) -> 0.0045222855 | U217: =IF(T217=0, E216, ACOS( (SIN(H217-T217)/SIN(H217))*COS(E216) + (SIN(T217)/SIN(H217))*COS(E217) )) -> 1.0836284 | V217: =DEGREES(U217) -> 62.087332 | W217: =IF(T217=0, F216, ATAN2( SIN(E216)*COS(F216)*SIN(H217-T217) + SIN(E217)*COS(F217)*SIN(T217), SIN(E216)*SIN(F216)*SIN(H217-T217) + SIN(E217)*SIN(F217)*SIN(T217) )) -> 1.5377018 | X217: =MOD(DEGREES(W217), 360) -> 88.103825 | Z217: =IF(T217=0, 1, 2*TAN(T217/2)/T217) -> 1.0000017 | AA217: =0.5*R217*Z217 * (SIN(E216)*COS(F216) + SIN(U217)*COS(W217)) -> 0.2710027 | AB217: =0.5*R217*Z217 * (SIN(E216)*SIN(F216) + SIN(U217)*SIN(W217)) -> 8.8288799 | AC217: =0.5*R217*Z217 * (COS(E216) + COS(U217)) -> 4.6879918 | AD217: =M216+AA217 -> -7707.3175 | AE217: =N216+AB217 -> 861.02446 | AF217: =O216+AC217 -> 12050.172
A218: 17209 | B218: 63.91 | C218: 83.05 | E218: =RADIANS(B218) -> 1.1154399 | F218: =RADIANS(C218) -> 1.4494959 | H218: =ACOS(MAX(-1,MIN(1, COS(E218-E217)-SIN(E217)*SIN(E218)*(1-COS(F218-F217))))) -> 0.045444841 | I218: =IF(H218=0, 1, 2*TAN(H218/2)/H218) -> 1.0001721 | J218: =0.5*(A218-A217)*I218 * (SIN(E217)*COS(F217) + SIN(E218)*COS(F218)) -> 8.4059003 | K218: =0.5*(A218-A217)*I218 * (SIN(E217)*SIN(F217) + SIN(E218)*SIN(F218)) -> 85.406576 | L218: =0.5*(A218-A217)*I218 * (COS(E217) + COS(E218)) -> 43.005484 | M218: =M217+J218 -> -7694.7499 | N218: =N217+K218 -> 1023.4651 | O218: =O217+L218 -> 12133.383 | Q218: =A217+10 -> 17123 | R218: =IF(OR(Q218<A217, Q218>A218), "error", Q218-A217) -> 10 | S218: =A218-A217 -> 96 | T218: =H218 * (R218/S218) -> 0.0047338377 | U218: =IF(T218=0, E217, ACOS( (SIN(H218-T218)/SIN(H218))*COS(E217) + (SIN(T218)/SIN(H218))*COS(E218) )) -> 1.0991384 | V218: =DEGREES(U218) -> 62.975989 | W218: =IF(T218=0, F217, ATAN2( SIN(E217)*COS(F217)*SIN(H218-T218) + SIN(E218)*COS(F218)*SIN(T218), SIN(E217)*SIN(F217)*SIN(H218-T218) + SIN(E218)*SIN(F218)*SIN(T218) )) -> 1.4912024 | X218: =MOD(DEGREES(W218), 360) -> 85.439604 | Z218: =IF(T218=0, 1, 2*TAN(T218/2)/T218) -> 1.0000019 | AA218: =0.5*R218*Z218 * (SIN(E217)*COS(F217) + SIN(U218)*COS(W218)) -> 0.68624153 | AB218: =0.5*R218*Z218 * (SIN(E217)*SIN(F217) + SIN(U218)*SIN(W218)) -> 8.8774574 | AC218: =0.5*R218*Z218 * (COS(E217) + COS(U218)) -> 4.5518826 | AD218: =M217+AA218 -> -7702.4695 | AE218: =N217+AB218 -> 946.93602 | AF218: =O217+AC218 -> 12094.929
A219: 17305 | B219: 64.89 | C219: 80.17 | E219: =RADIANS(B219) -> 1.1325442 | F219: =RADIANS(C219) -> 1.3992305 | H219: =ACOS(MAX(-1,MIN(1, COS(E219-E218)-SIN(E218)*SIN(E219)*(1-COS(F219-F218))))) -> 0.04844887 | I219: =IF(H219=0, 1, 2*TAN(H219/2)/H219) -> 1.0001957 | J219: =0.5*(A219-A218)*I219 * (SIN(E218)*COS(F218) + SIN(E219)*COS(F219)) -> 12.639165 | K219: =0.5*(A219-A218)*I219 * (SIN(E218)*SIN(F218) + SIN(E219)*SIN(F219)) -> 85.634642 | L219: =0.5*(A219-A218)*I219 * (COS(E218) + COS(E219)) -> 41.48683 | M219: =M218+J219 -> -7682.1107 | N219: =N218+K219 -> 1109.0998 | O219: =O218+L219 -> 12174.87 | Q219: =A218+10 -> 17219 | R219: =IF(OR(Q219<A218, Q219>A219), "error", Q219-A218) -> 10 | S219: =A219-A218 -> 96 | T219: =H219 * (R219/S219) -> 0.0050467573 | U219: =IF(T219=0, E218, ACOS( (SIN(H219-T219)/SIN(H219))*COS(E218) + (SIN(T219)/SIN(H219))*COS(E219) )) -> 1.1171753 | V219: =DEGREES(U219) -> 64.00943 | W219: =IF(T219=0, F218, ATAN2( SIN(E218)*COS(F218)*SIN(H219-T219) + SIN(E219)*COS(F219)*SIN(T219), SIN(E218)*SIN(F218)*SIN(H219-T219) + SIN(E219)*SIN(F219)*SIN(T219) )) -> 1.4442215 | X219: =MOD(DEGREES(W219), 360) -> 82.747797 | Z219: =IF(T219=0, 1, 2*TAN(T219/2)/T219) -> 1.0000021 | AA219: =0.5*R219*Z219 * (SIN(E218)*COS(F218) + SIN(U219)*COS(W219)) -> 1.110721 | AB219: =0.5*R219*Z219 * (SIN(E218)*SIN(F218) + SIN(U219)*SIN(W219)) -> 8.9159216 | AC219: =0.5*R219*Z219 * (COS(E218) + COS(U219)) -> 4.3900375 | AD219: =M218+AA219 -> -7693.6392 | AE219: =N218+AB219 -> 1032.3811 | AF219: =O218+AC219 -> 12137.773
A220: 17400 | B220: 65.31 | C220: 79.86 | E220: =RADIANS(B220) -> 1.1398745 | F220: =RADIANS(C220) -> 1.3938199 | H220: =ACOS(MAX(-1,MIN(1, COS(E220-E219)-SIN(E219)*SIN(E220)*(1-COS(F220-F219))))) -> 0.0088214891 | I220: =IF(H220=0, 1, 2*TAN(H220/2)/H220) -> 1.0000065 | J220: =0.5*(A220-A219)*I220 * (SIN(E219)*COS(F219) + SIN(E220)*COS(F220)) -> 14.941237 | K220: =0.5*(A220-A219)*I220 * (SIN(E219)*SIN(F219) + SIN(E220)*SIN(F220)) -> 84.863593 | L220: =0.5*(A220-A219)*I220 * (COS(E219) + COS(E220)) -> 39.998393 | M220: =M219+J220 -> -7667.1695 | N220: =N219+K220 -> 1193.9634 | O220: =O219+L220 -> 12214.868 | Q220: =A219+10 -> 17315 | R220: =IF(OR(Q220<A219, Q220>A220), "error", Q220-A219) -> 10 | S220: =A220-A219 -> 95 | T220: =H220 * (R220/S220) -> 0.0009285778 | U220: =IF(T220=0, E219, ACOS( (SIN(H220-T220)/SIN(H220))*COS(E219) + (SIN(T220)/SIN(H220))*COS(E220) )) -> 1.1333152 | V220: =DEGREES(U220) -> 64.93418 | W220: =IF(T220=0, F219, ATAN2( SIN(E219)*COS(F219)*SIN(H220-T220) + SIN(E220)*COS(F220)*SIN(T220), SIN(E219)*SIN(F219)*SIN(H220-T220) + SIN(E220)*SIN(F220)*SIN(T220) )) -> 1.3986592 | X220: =MOD(DEGREES(W220), 360) -> 80.137269 | Z220: =IF(T220=0, 1, 2*TAN(T220/2)/T220) -> 1.0000001 | AA220: =0.5*R220*Z220 * (SIN(E219)*COS(F219) + SIN(U220)*COS(W220)) -> 1.5487383 | AB220: =0.5*R220*Z220 * (SIN(E219)*SIN(F219) + SIN(U220)*SIN(W220)) -> 8.9231775 | AC220: =0.5*R220*Z220 * (COS(E219) + COS(U220)) -> 4.2400833 | AD220: =M219+AA220 -> -7680.562 | AE220: =N219+AB220 -> 1118.023 | AF220: =O219+AC220 -> 12179.11
... A233: 18587 | B233: 58.84 | C233: 63.02 | E233: =RADIANS(B233) -> 1.0269517 | F233: =RADIANS(C233) -> 1.0999065 | H233: =ACOS(MAX(-1,MIN(1, COS(E233-E232)-SIN(E232)*SIN(E233)*(1-COS(F233-F232))))) -> 0 | I233: =IF(H233=0, 1, 2*TAN(H233/2)/H233) -> 1 | J233: =0.5*(A233-A232)*I233 * (SIN(E232)*COS(F232) + SIN(E233)*COS(F233)) -> 16.305457 | K233: =0.5*(A233-A232)*I233 * (SIN(E232)*SIN(F232) + SIN(E233)*SIN(F233)) -> 32.028895 | L233: =0.5*(A233-A232)*I233 * (COS(E232) + COS(E233)) -> 21.732049 | M233: =M232+J233 -> -7254.4151 | N233: =N232+K233 -> 2197.3371 | O233: =O232+L233 -> 12677.18 | Q233: =A232+10 -> 18555 | R233: =IF(OR(Q233<A232, Q233>A233), "error", Q233-A232) -> 10 | S233: =A233-A232 -> 42 | T233: =H233 * (R233/S233) -> 0 | U233: =IF(T233=0, E232, ACOS( (SIN(H233-T233)/SIN(H233))*COS(E232) + (SIN(T233)/SIN(H233))*COS(E233) )) -> 1.0269517 | V233: =DEGREES(U233) -> 58.84 | W233: =IF(T233=0, F232, ATAN2( SIN(E232)*COS(F232)*SIN(H233-T233) + SIN(E233)*COS(F233)*SIN(T233), SIN(E232)*SIN(F232)*SIN(H233-T233) + SIN(E233)*SIN(F233)*SIN(T233) )) -> 1.0999065 | X233: =MOD(DEGREES(W233), 360) -> 63.02 | Z233: =IF(T233=0, 1, 2*TAN(T233/2)/T233) -> 1 | AA233: =0.5*R233*Z233 * (SIN(E232)*COS(F232) + SIN(U233)*COS(W233)) -> 3.8822517 | AB233: =0.5*R233*Z233 * (SIN(E232)*SIN(F232) + SIN(U233)*SIN(W233)) -> 7.6259275 | AC233: =0.5*R233*Z233 * (COS(E232) + COS(U233)) -> 5.1742973 | AD233: =M232+AA233 -> -7266.8383 | AE233: =N232+AB233 -> 2172.9341 | AF233: =O232+AC233 -> 12660.622

Sheet INC-ONLY
A1: Simple spreadsheet testing simplified formulas avoiding min curvature equations. This temporary computes a min. curvature path tracking due north (to get a max. offset and TVD correction)
A2: Bert Kampes, 2023-07-17 | Z2: dn=0.5*(Md2-Md1)*RF*(SIN(Inc1)+SIN(Inc2)) | AG2: dn=(M2-M1)*SIN((I2+I1)/2)
E3: Remark: This "fake survey" can be used to load the inc-only data into a subsurface application that requires MIA. | AB3: dd=0.5*(Md2-Md1)*RF*(COS(Inc1)+COS(Inc2)) | AJ3: dd=(Md2-MD1) - 0.5*dn*TAN(AVERAGE(Inc1,Inc2))
E4: Originally and INC-ONLY survey. MDs corrected to TVD. INC values set to zero to force a vertical path. AZ contains original INC values for audit. | M4: The calculated local coordinates (n,e,d) will have the same unit as MD
B5: MD unit = | C5: m | E5: Max. Hor. Error = | G5: =MAX(S9:S46) -> 287.42035 | H5: =C5 -> m | M5: Full min. curvature formulas incl. AZI ("exact") | W5: Min. curvature simplified formulas for AZI=0 (exact) | AG5: Approximations (<50 cm level); avoids DL and RF calcs and seem suitable (but exact formulas are recommended to be used)
E6: TVD corr. applied = | G6: =MAX(E9:E46)-MAX(A9:A46) -> -14.866265 | H6: =C5 -> m | W6: DL=I2-I1 | Y6: RF=2*TAN(DL/2)/DL)
A7: DIR SURVEY DATA (input) | E7: INC-ONLY (SIMPLIFIED MIA OUTPUT) | J7: helper; angles in rad! | M7: MINIMUM CURVATURE (input MD,INC,AZ; output n,e,d) | W7: INC ONLY | AG7: INC ONLY | AJ7: dVert | AO7: =SUM(AO9:AO46) -> 14.770497
A8: =CONCATENATE("MD [",$C5,"]") -> MD [m] | B8: INC [deg] | C8: AZ [deg] | E8: =CONCATENATE("MD [",$C5,"]") -> MD [m] | F8: INC [deg] | G8: AZ [deg] | J8: INC [rad] | K8: AZ [rad] | M8: Dogleg [rad] | N8: =IF(LEFT(C$5,1)="m", "DLS [deg/30m]", "DLS [deg/100ft]") -> DLS [deg/30m] | O8: Ratio Factor | P8: =CONCATENATE("dn [",$C5,"]") -> dn [m] | Q8: =CONCATENATE("de [",$C5,"]") -> de [m] | R8: =CONCATENATE("dd [",$C5,"]") -> dd [m] | S8: =CONCATENATE("n [",$C5,"]") -> n [m] | T8: =CONCATENATE("e [",$C5,"]") -> e [m] | U8: =CONCATENATE("d [",$C5,"]") -> d [m] | W8: Dogleg [rad] | X8: =IF(LEFT(T$5,1)="m", "DLS [deg/30m]", "DLS [deg/100ft]") -> DLS [deg/100ft] | Y8: Ratio Factor | Z8: =CONCATENATE("dn [",$C5,"]") -> dn [m] | AA8: =CONCATENATE("de [",$C5,"]") -> de [m] | AB8: =CONCATENATE("dd [",$C5,"]") -> dd [m] | AC8: =CONCATENATE("n [",$C5,"]") -> n [m] | AD8: =CONCATENATE("e [",$C5,"]") -> e [m] | AE8: =CONCATENATE("d [",$C5,"]") -> d [m] | AG8: =CONCATENATE("dn [",$C5,"]") -> dn [m] | AH8: =CONCATENATE("n [",$C5,"]") -> n [m] | AJ8: =CONCATENATE("dd [",$C5,"]") -> dd [m] | AL8: =CONCATENATE("d [",$C5,"]") -> d [m] | AM8: approximation errorN | AN8: errorVert | AO8: TVDcorr
A9: 0 | B9: 0 | C9: 0 | E9: =U9 -> 0 | F9: =0 -> 0 | G9: =B9 -> 0 | J9: =RADIANS(B9) -> 0 | K9: =RADIANS(C9) -> 0 | S9: 0 | T9: 0 | U9: 0 | AI9: alt | AK9: alt
A10: 990 | B10: 0 | C10: 0 | E10: =U10 -> 990 | F10: =0 -> 0 | G10: =B10 -> 0 | J10: =RADIANS(B10) -> 0 | K10: =RADIANS(C10) -> 0 | M10: =ACOS(MAX(-1,MIN(1, COS(J10-J9)-SIN(J9)*SIN(J10)*(1-COS(K10-K9))))) -> 0 | N10: =IF(LEFT(C$5,1)="m", 30*DEGREES(M10)/(A10-A9), 100*DEGREES(M10)/(A10-A9)) -> 0 | O10: =IF(M10=0, 1, 2*TAN(M10/2)/M10) -> 1 | P10: =0.5*(A10-A9)*O10 * (SIN(J9)*COS(K9) + SIN(J10)*COS(K10)) -> 0 | Q10: =0.5*(A10-A9)*O10 * (SIN(J9)*SIN(K9) + SIN(J10)*SIN(K10)) -> 0 | R10: =0.5*(A10-A9)*O10 * (COS(J9) + COS(J10)) -> 990 | S10: =S9+P10 -> 0 | T10: =T9+Q10 -> 0 | U10: =U9+R10 -> 990 | W10: =J10-J9 -> 0 | X10: =IF(LEFT(C$5,1)="m", 30*DEGREES(W10)/(A10-A9), 100*DEGREES(W10)/(A10-A9)) -> 0 | Y10: =IF(W10=0, 1, 2*TAN(W10/2)/W10) -> 1 | Z10: =0.5*(A10-A9)*Y10 * (SIN(J9)+SIN(J10)) -> 0 | AA10: 0 | AB10: =0.5*(A10-A9)*Y10 * (COS(J9)+COS(J10)) -> 990 | AC10: =AC9+Z10 -> 0 | AD10: =AD9+AA10 -> 0 | AE10: =AE9+AB10 -> 990 | AG10: =(A10-A9)*SIN(AVERAGE(J9,J10)) -> 0 | AH10: =AH9+AG10 -> 0 | AI10: =(A10-A9) - 0.5 * (A10-A9) * SIN(AVERAGE(J9,J10)) * TAN(AVERAGE(J9,J10)) -> 990 | AJ10: =(A10-A9) - 0.5*AG10*TAN(AVERAGE(J9,J10)) -> 990 | AK10: =(A10-A9) * (2 - 1/COS(AVERAGE(J9,J10))) -> 990 | AL10: =AL9+AJ10 -> 990 | AM10: =AH10-AC10 -> 0 | AN10: =AL10-AE10 -> 0 | AO10: =0.5*AG10*TAN(AVERAGE(J9,J10)) -> 0
A11: 998 | B11: 8 | C11: 0 | E11: =U11 -> 997.97403 | F11: =0 -> 0 | G11: =B11 -> 8 | J11: =RADIANS(B11) -> 0.13962634 | K11: =RADIANS(C11) -> 0 | M11: =ACOS(MAX(-1,MIN(1, COS(J11-J10)-SIN(J10)*SIN(J11)*(1-COS(K11-K10))))) -> 0.13962634 | N11: =IF(LEFT(C$5,1)="m", 30*DEGREES(M11)/(A11-A10), 100*DEGREES(M11)/(A11-A10)) -> 30 | O11: =IF(M11=0, 1, 2*TAN(M11/2)/M11) -> 1.0016278 | P11: =0.5*(A11-A10)*O11 * (SIN(J10)*COS(K10) + SIN(J11)*COS(K11)) -> 0.55759859 | Q11: =0.5*(A11-A10)*O11 * (SIN(J10)*SIN(K10) + SIN(J11)*SIN(K11)) -> 0 | R11: =0.5*(A11-A10)*O11 * (COS(J10) + COS(J11)) -> 7.9740313 | S11: =S10+P11 -> 0.55759859 | T11: =T10+Q11 -> 0 | U11: =U10+R11 -> 997.97403 | W11: =J11-J10 -> 0.13962634 | X11: =IF(LEFT(C$5,1)="m", 30*DEGREES(W11)/(A11-A10), 100*DEGREES(W11)/(A11-A10)) -> 30 | Y11: =IF(W11=0, 1, 2*TAN(W11/2)/W11) -> 1.0016278 | Z11: =0.5*(A11-A10)*Y11 * (SIN(J10)+SIN(J11)) -> 0.55759859 | AA11: 0 | AB11: =0.5*(A11-A10)*Y11 * (COS(J10)+COS(J11)) -> 7.9740313 | AC11: =AC10+Z11 -> 0.55759859 | AD11: =AD10+AA11 -> 0 | AE11: =AE10+AB11 -> 997.97403 | AG11: =(A11-A10)*SIN(AVERAGE(J10,J11)) -> 0.55805179 | AH11: =AH10+AG11 -> 0.55805179 | AI11: =(A11-A10) - 0.5 * (A11-A10) * SIN(AVERAGE(J10,J11)) * TAN(AVERAGE(J10,J11)) -> 7.9804886 | AJ11: =(A11-A10) - 0.5*AG11*TAN(AVERAGE(J10,J11)) -> 7.9804886 | AK11: =(A11-A10) * (2 - 1/COS(AVERAGE(J10,J11))) -> 7.9804648 | AL11: =AL10+AJ11 -> 997.98049 | AM11: =AH11-AC11 -> 0.00045320233 | AN11: =AL11-AE11 -> 0.006457302 | AO11: =0.5*AG11*TAN(AVERAGE(J10,J11)) -> 0.019511391
A12: 1242 | B12: 3.25 | C12: 0 | E12: =U12 -> 1240.7296 | F12: =0 -> 0 | G12: =B12 -> 3.25 | J12: =RADIANS(B12) -> 0.056723201 | K12: =RADIANS(C12) -> 0 | M12: =ACOS(MAX(-1,MIN(1, COS(J12-J11)-SIN(J11)*SIN(J12)*(1-COS(K12-K11))))) -> 0.082903139 | N12: =IF(LEFT(C$5,1)="m", 30*DEGREES(M12)/(A12-A11), 100*DEGREES(M12)/(A12-A11)) -> 0.58401639 | O12: =IF(M12=0, 1, 2*TAN(M12/2)/M12) -> 1.0005731 | P12: =0.5*(A12-A11)*O12 * (SIN(J11)*COS(K11) + SIN(J12)*COS(K12)) -> 23.909334 | Q12: =0.5*(A12-A11)*O12 * (SIN(J11)*SIN(K11) + SIN(J12)*SIN(K12)) -> 0 | R12: =0.5*(A12-A11)*O12 * (COS(J11) + COS(J12)) -> 242.75554 | S12: =S11+P12 -> 24.466932 | T12: =T11+Q12 -> 0 | U12: =U11+R12 -> 1240.7296 | W12: =J12-J11 -> -0.082903139 | X12: =IF(LEFT(C$5,1)="m", 30*DEGREES(W12)/(A12-A11), 100*DEGREES(W12)/(A12-A11)) -> -0.58401639 | Y12: =IF(W12=0, 1, 2*TAN(W12/2)/W12) -> 1.0005731 | Z12: =0.5*(A12-A11)*Y12 * (SIN(J11)+SIN(J12)) -> 23.909334 | AA12: 0 | AB12: =0.5*(A12-A11)*Y12 * (COS(J11)+COS(J12)) -> 242.75554 | AC12: =AC11+Z12 -> 24.466932 | AD12: =AD11+AA12 -> 0 | AE12: =AE11+AB12 -> 1240.7296 | AG12: =(A12-A11)*SIN(AVERAGE(J11,J12)) -> 23.916182 | AH12: =AH11+AG12 -> 24.474234 | AI12: =(A12-A11) - 0.5 * (A12-A11) * SIN(AVERAGE(J11,J12)) * TAN(AVERAGE(J11,J12)) -> 242.82223 | AJ12: =(A12-A11) - 0.5*AG12*TAN(AVERAGE(J11,J12)) -> 242.82223 | AK12: =(A12-A11) * (2 - 1/COS(AVERAGE(J11,J12))) -> 242.81939 | AL12: =AL11+AJ12 -> 1240.8027 | AM12: =AH12-AC12 -> 0.0073015414 | AN12: =AL12-AE12 -> 0.073147172 | AO12: =0.5*AG12*TAN(AVERAGE(J11,J12)) -> 1.1777692
A13: 1404 | B13: 6.5 | C13: 0 | E13: =U13 -> 1402.1219 | F13: =0 -> 0 | G13: =B13 -> 6.5 | J13: =RADIANS(B13) -> 0.1134464 | K13: =RADIANS(C13) -> 0 | M13: =ACOS(MAX(-1,MIN(1, COS(J13-J12)-SIN(J12)*SIN(J13)*(1-COS(K13-K12))))) -> 0.056723201 | N13: =IF(LEFT(C$5,1)="m", 30*DEGREES(M13)/(A13-A12), 100*DEGREES(M13)/(A13-A12)) -> 0.60185185 | O13: =IF(M13=0, 1, 2*TAN(M13/2)/M13) -> 1.0002682 | P13: =0.5*(A13-A12)*O13 * (SIN(J12)*COS(K12) + SIN(J13)*COS(K13)) -> 13.765267 | Q13: =0.5*(A13-A12)*O13 * (SIN(J12)*SIN(K12) + SIN(J13)*SIN(K13)) -> 0 | R13: =0.5*(A13-A12)*O13 * (COS(J12) + COS(J13)) -> 161.39232 | S13: =S12+P13 -> 38.2322 | T13: =T12+Q13 -> 0 | U13: =U12+R13 -> 1402.1219 | W13: =J13-J12 -> 0.056723201 | X13: =IF(LEFT(C$5,1)="m", 30*DEGREES(W13)/(A13-A12), 100*DEGREES(W13)/(A13-A12)) -> 0.60185185 | Y13: =IF(W13=0, 1, 2*TAN(W13/2)/W13) -> 1.0002682 | Z13: =0.5*(A13-A12)*Y13 * (SIN(J12)+SIN(J13)) -> 13.765267 | AA13: 0 | AB13: =0.5*(A13-A12)*Y13 * (COS(J12)+COS(J13)) -> 161.39232 | AC13: =AC12+Z13 -> 38.2322 | AD13: =AD12+AA13 -> 0 | AE13: =AE12+AB13 -> 1402.1219 | AG13: =(A13-A12)*SIN(AVERAGE(J12,J13)) -> 13.767113 | AH13: =AH12+AG13 -> 38.241347 | AI13: =(A13-A12) - 0.5 * (A13-A12) * SIN(AVERAGE(J12,J13)) * TAN(AVERAGE(J12,J13)) -> 161.4129 | AJ13: =(A13-A12) - 0.5*AG13*TAN(AVERAGE(J12,J13)) -> 161.4129 | AK13: =(A13-A12) * (2 - 1/COS(AVERAGE(J12,J13))) -> 161.41183 | AL13: =AL12+AJ13 -> 1402.2156 | AM13: =AH13-AC13 -> 0.0091471331 | AN13: =AL13-AE13 -> 0.093722149 | AO13: =0.5*AG13*TAN(AVERAGE(J12,J13)) -> 0.58710347
A14: 1489 | B14: 4 | C14: 0 | E14: =U14 -> 1486.7586 | F14: =0 -> 0 | G14: =B14 -> 4 | J14: =RADIANS(B14) -> 0.06981317 | K14: =RADIANS(C14) -> 0 | M14: =ACOS(MAX(-1,MIN(1, COS(J14-J13)-SIN(J13)*SIN(J14)*(1-COS(K14-K13))))) -> 0.043633231 | N14: =IF(LEFT(C$5,1)="m", 30*DEGREES(M14)/(A14-A13), 100*DEGREES(M14)/(A14-A13)) -> 0.88235294 | O14: =IF(M14=0, 1, 2*TAN(M14/2)/M14) -> 1.0001587 | P14: =0.5*(A14-A13)*O14 * (SIN(J13)*COS(K13) + SIN(J14)*COS(K14)) -> 7.7770206 | Q14: =0.5*(A14-A13)*O14 * (SIN(J13)*SIN(K13) + SIN(J14)*SIN(K14)) -> 0 | R14: =0.5*(A14-A13)*O14 * (COS(J13) + COS(J14)) -> 84.636704 | S14: =S13+P14 -> 46.00922 | T14: =T13+Q14 -> 0 | U14: =U13+R14 -> 1486.7586 | W14: =J14-J13 -> -0.043633231 | X14: =IF(LEFT(C$5,1)="m", 30*DEGREES(W14)/(A14-A13), 100*DEGREES(W14)/(A14-A13)) -> -0.88235294 | Y14: =IF(W14=0, 1, 2*TAN(W14/2)/W14) -> 1.0001587 | Z14: =0.5*(A14-A13)*Y14 * (SIN(J13)+SIN(J14)) -> 7.7770206 | AA14: 0 | AB14: =0.5*(A14-A13)*Y14 * (COS(J13)+COS(J14)) -> 84.636704 | AC14: =AC13+Z14 -> 46.00922 | AD14: =AD13+AA14 -> 0 | AE14: =AE13+AB14 -> 1486.7586 | AG14: =(A14-A13)*SIN(AVERAGE(J13,J14)) -> 7.7776376 | AH14: =AH13+AG14 -> 46.018984 | AI14: =(A14-A13) - 0.5 * (A14-A13) * SIN(AVERAGE(J13,J14)) * TAN(AVERAGE(J13,J14)) -> 84.642668 | AJ14: =(A14-A13) - 0.5*AG14*TAN(AVERAGE(J13,J14)) -> 84.642668 | AK14: =(A14-A13) * (2 - 1/COS(AVERAGE(J13,J14))) -> 84.641917 | AL14: =AL13+AJ14 -> 1486.8583 | AM14: =AH14-AC14 -> 0.0097640986 | AN14: =AL14-AE14 -> 0.099685443 | AO14: =0.5*AG14*TAN(AVERAGE(J13,J14)) -> 0.35733225
A15: 1573 | B15: 4.75 | C15: 0 | E15: =U15 -> 1570.5132 | F15: =0 -> 0 | G15: =B15 -> 4.75 | J15: =RADIANS(B15) -> 0.082903139 | K15: =RADIANS(C15) -> 0 | M15: =ACOS(MAX(-1,MIN(1, COS(J15-J14)-SIN(J14)*SIN(J15)*(1-COS(K15-K14))))) -> 0.013089969 | N15: =IF(LEFT(C$5,1)="m", 30*DEGREES(M15)/(A15-A14), 100*DEGREES(M15)/(A15-A14)) -> 0.26785714 | O15: =IF(M15=0, 1, 2*TAN(M15/2)/M15) -> 1.0000143 | P15: =0.5*(A15-A14)*O15 * (SIN(J14)*COS(K14) + SIN(J15)*COS(K15)) -> 6.4078081 | Q15: =0.5*(A15-A14)*O15 * (SIN(J14)*SIN(K14) + SIN(J15)*SIN(K15)) -> 0 | R15: =0.5*(A15-A14)*O15 * (COS(J14) + COS(J15)) -> 83.754637 | S15: =S14+P15 -> 52.417028 | T15: =T14+Q15 -> 0 | U15: =U14+R15 -> 1570.5132 | W15: =J15-J14 -> 0.013089969 | X15: =IF(LEFT(C$5,1)="m", 30*DEGREES(W15)/(A15-A14), 100*DEGREES(W15)/(A15-A14)) -> 0.26785714 | Y15: =IF(W15=0, 1, 2*TAN(W15/2)/W15) -> 1.0000143 | Z15: =0.5*(A15-A14)*Y15 * (SIN(J14)+SIN(J15)) -> 6.4078081 | AA15: 0 | AB15: =0.5*(A15-A14)*Y15 * (COS(J14)+COS(J15)) -> 83.754637 | AC15: =AC14+Z15 -> 52.417028 | AD15: =AD14+AA15 -> 0 | AE15: =AE14+AB15 -> 1570.5132 | AG15: =(A15-A14)*SIN(AVERAGE(J14,J15)) -> 6.4078539 | AH15: =AH14+AG15 -> 52.426838 | AI15: =(A15-A14) - 0.5 * (A15-A14) * SIN(AVERAGE(J14,J15)) * TAN(AVERAGE(J14,J15)) -> 83.754877 | AJ15: =(A15-A14) - 0.5*AG15*TAN(AVERAGE(J14,J15)) -> 83.754877 | AK15: =(A15-A14) * (2 - 1/COS(AVERAGE(J14,J15))) -> 83.75452 | AL15: =AL14+AJ15 -> 1570.6132 | AM15: =AH15-AC15 -> 0.0098098472 | AN15: =AL15-AE15 -> 0.099925762 | AO15: =0.5*AG15*TAN(AVERAGE(J14,J15)) -> 0.24512253
A16: 1714 | B16: 4 | C16: 0 | E16: =U16 -> 1711.1014 | F16: =0 -> 0 | G16: =B16 -> 4 | J16: =RADIANS(B16) -> 0.06981317 | K16: =RADIANS(C16) -> 0 | M16: =ACOS(MAX(-1,MIN(1, COS(J16-J15)-SIN(J15)*SIN(J16)*(1-COS(K16-K15))))) -> 0.013089969 | N16: =IF(LEFT(C$5,1)="m", 30*DEGREES(M16)/(A16-A15), 100*DEGREES(M16)/(A16-A15)) -> 0.15957447 | O16: =IF(M16=0, 1, 2*TAN(M16/2)/M16) -> 1.0000143 | P16: =0.5*(A16-A15)*O16 * (SIN(J15)*COS(K15) + SIN(J16)*COS(K16)) -> 10.755964 | Q16: =0.5*(A16-A15)*O16 * (SIN(J15)*SIN(K15) + SIN(J16)*SIN(K16)) -> 0 | R16: =0.5*(A16-A15)*O16 * (COS(J15) + COS(J16)) -> 140.58814 | S16: =S15+P16 -> 63.172992 | T16: =T15+Q16 -> 0 | U16: =U15+R16 -> 1711.1014 | W16: =J16-J15 -> -0.013089969 | X16: =IF(LEFT(C$5,1)="m", 30*DEGREES(W16)/(A16-A15), 100*DEGREES(W16)/(A16-A15)) -> -0.15957447 | Y16: =IF(W16=0, 1, 2*TAN(W16/2)/W16) -> 1.0000143 | Z16: =0.5*(A16-A15)*Y16 * (SIN(J15)+SIN(J16)) -> 10.755964 | AA16: 0 | AB16: =0.5*(A16-A15)*Y16 * (COS(J15)+COS(J16)) -> 140.58814 | AC16: =AC15+Z16 -> 63.172992 | AD16: =AD15+AA16 -> 0 | AE16: =AE15+AB16 -> 1711.1014 | AG16: =(A16-A15)*SIN(AVERAGE(J15,J16)) -> 10.75604 | AH16: =AH15+AG16 -> 63.182879 | AI16: =(A16-A15) - 0.5 * (A16-A15) * SIN(AVERAGE(J15,J16)) * TAN(AVERAGE(J15,J16)) -> 140.58854 | AJ16: =(A16-A15) - 0.5*AG16*TAN(AVERAGE(J15,J16)) -> 140.58854 | AK16: =(A16-A15) * (2 - 1/COS(AVERAGE(J15,J16))) -> 140.58794 | AL16: =AL15+AJ16 -> 1711.2017 | AM16: =AH16-AC16 -> 0.0098866394 | AN16: =AL16-AE16 -> 0.10032915 | AO16: =0.5*AG16*TAN(AVERAGE(J15,J16)) -> 0.41145568
A17: 1763 | B17: 5.75 | C17: 0 | E17: =U17 -> 1759.9222 | F17: =0 -> 0 | G17: =B17 -> 5.75 | J17: =RADIANS(B17) -> 0.10035643 | K17: =RADIANS(C17) -> 0 | M17: =ACOS(MAX(-1,MIN(1, COS(J17-J16)-SIN(J16)*SIN(J17)*(1-COS(K17-K16))))) -> 0.030543262 | N17: =IF(LEFT(C$5,1)="m", 30*DEGREES(M17)/(A17-A16), 100*DEGREES(M17)/(A17-A16)) -> 1.0714286 | O17: =IF(M17=0, 1, 2*TAN(M17/2)/M17) -> 1.0000777 | P17: =0.5*(A17-A16)*O17 * (SIN(J16)*COS(K16) + SIN(J17)*COS(K17)) -> 4.1639648 | Q17: =0.5*(A17-A16)*O17 * (SIN(J16)*SIN(K16) + SIN(J17)*SIN(K17)) -> 0 | R17: =0.5*(A17-A16)*O17 * (COS(J16) + COS(J17)) -> 48.820843 | S17: =S16+P17 -> 67.336957 | T17: =T16+Q17 -> 0 | U17: =U16+R17 -> 1759.9222 | W17: =J17-J16 -> 0.030543262 | X17: =IF(LEFT(C$5,1)="m", 30*DEGREES(W17)/(A17-A16), 100*DEGREES(W17)/(A17-A16)) -> 1.0714286 | Y17: =IF(W17=0, 1, 2*TAN(W17/2)/W17) -> 1.0000777 | Z17: =0.5*(A17-A16)*Y17 * (SIN(J16)+SIN(J17)) -> 4.1639648 | AA17: 0 | AB17: =0.5*(A17-A16)*Y17 * (COS(J16)+COS(J17)) -> 48.820843 | AC17: =AC16+Z17 -> 67.336957 | AD17: =AD16+AA17 -> 0 | AE17: =AE16+AB17 -> 1759.9222 | AG17: =(A17-A16)*SIN(AVERAGE(J16,J17)) -> 4.1641267 | AH17: =AH16+AG17 -> 67.347005 | AI17: =(A17-A16) - 0.5 * (A17-A16) * SIN(AVERAGE(J16,J17)) * TAN(AVERAGE(J16,J17)) -> 48.822419 | AJ17: =(A17-A16) - 0.5*AG17*TAN(AVERAGE(J16,J17)) -> 48.822419 | AK17: =(A17-A16) * (2 - 1/COS(AVERAGE(J16,J17))) -> 48.822098 | AL17: =AL16+AJ17 -> 1760.0241 | AM17: =AH17-AC17 -> 0.010048499 | AN17: =AL17-AE17 -> 0.10190511 | AO17: =0.5*AG17*TAN(AVERAGE(J16,J17)) -> 0.17758068
A18: 1804 | B18: 5 | C18: 0 | E18: =U18 -> 1800.7416 | F18: =0 -> 0 | G18: =B18 -> 5 | J18: =RADIANS(B18) -> 0.087266463 | K18: =RADIANS(C18) -> 0 | M18: =ACOS(MAX(-1,MIN(1, COS(J18-J17)-SIN(J17)*SIN(J18)*(1-COS(K18-K17))))) -> 0.013089969 | N18: =IF(LEFT(C$5,1)="m", 30*DEGREES(M18)/(A18-A17), 100*DEGREES(M18)/(A18-A17)) -> 0.54878049 | O18: =IF(M18=0, 1, 2*TAN(M18/2)/M18) -> 1.0000143 | P18: =0.5*(A18-A17)*O18 * (SIN(J17)*COS(K17) + SIN(J18)*COS(K18)) -> 3.8406028 | Q18: =0.5*(A18-A17)*O18 * (SIN(J17)*SIN(K17) + SIN(J18)*SIN(K18)) -> 0 | R18: =0.5*(A18-A17)*O18 * (COS(J17) + COS(J18)) -> 40.819429 | S18: =S17+P18 -> 71.17756 | T18: =T17+Q18 -> 0 | U18: =U17+R18 -> 1800.7416 | W18: =J18-J17 -> -0.013089969 | X18: =IF(LEFT(C$5,1)="m", 30*DEGREES(W18)/(A18-A17), 100*DEGREES(W18)/(A18-A17)) -> -0.54878049 | Y18: =IF(W18=0, 1, 2*TAN(W18/2)/W18) -> 1.0000143 | Z18: =0.5*(A18-A17)*Y18 * (SIN(J17)+SIN(J18)) -> 3.8406028 | AA18: 0 | AB18: =0.5*(A18-A17)*Y18 * (COS(J17)+COS(J18)) -> 40.819429 | AC18: =AC17+Z18 -> 71.17756 | AD18: =AD17+AA18 -> 0 | AE18: =AE17+AB18 -> 1800.7416 | AG18: =(A18-A17)*SIN(AVERAGE(J17,J18)) -> 3.8406302 | AH18: =AH17+AG18 -> 71.187636 | AI18: =(A18-A17) - 0.5 * (A18-A17) * SIN(AVERAGE(J17,J18)) * TAN(AVERAGE(J17,J18)) -> 40.819322 | AJ18: =(A18-A17) - 0.5*AG18*TAN(AVERAGE(J17,J18)) -> 40.819322 | AK18: =(A18-A17) * (2 - 1/COS(AVERAGE(J17,J18))) -> 40.818924 | AL18: =AL17+AJ18 -> 1800.8434 | AM18: =AH18-AC18 -> 0.010075919 | AN18: =AL18-AE18 -> 0.10179844 | AO18: =0.5*AG18*TAN(AVERAGE(J17,J18)) -> 0.18067788
A19: 1876 | B19: 5.75 | C19: 0 | E19: =U19 -> 1872.4245 | F19: =0 -> 0 | G19: =B19 -> 5.75 | J19: =RADIANS(B19) -> 0.10035643 | K19: =RADIANS(C19) -> 0 | M19: =ACOS(MAX(-1,MIN(1, COS(J19-J18)-SIN(J18)*SIN(J19)*(1-COS(K19-K18))))) -> 0.013089969 | N19: =IF(LEFT(C$5,1)="m", 30*DEGREES(M19)/(A19-A18), 100*DEGREES(M19)/(A19-A18)) -> 0.3125 | O19: =IF(M19=0, 1, 2*TAN(M19/2)/M19) -> 1.0000143 | P19: =0.5*(A19-A18)*O19 * (SIN(J18)*COS(K18) + SIN(J19)*COS(K19)) -> 6.7444733 | Q19: =0.5*(A19-A18)*O19 * (SIN(J18)*SIN(K18) + SIN(J19)*SIN(K19)) -> 0 | R19: =0.5*(A19-A18)*O19 * (COS(J18) + COS(J19)) -> 71.682899 | S19: =S18+P19 -> 77.922033 | T19: =T18+Q19 -> 0 | U19: =U18+R19 -> 1872.4245 | W19: =J19-J18 -> 0.013089969 | X19: =IF(LEFT(C$5,1)="m", 30*DEGREES(W19)/(A19-A18), 100*DEGREES(W19)/(A19-A18)) -> 0.3125 | Y19: =IF(W19=0, 1, 2*TAN(W19/2)/W19) -> 1.0000143 | Z19: =0.5*(A19-A18)*Y19 * (SIN(J18)+SIN(J19)) -> 6.7444733 | AA19: 0 | AB19: =0.5*(A19-A18)*Y19 * (COS(J18)+COS(J19)) -> 71.682899 | AC19: =AC18+Z19 -> 77.922033 | AD19: =AD18+AA19 -> 0 | AE19: =AE18+AB19 -> 1872.4245 | AG19: =(A19-A18)*SIN(AVERAGE(J18,J19)) -> 6.7445214 | AH19: =AH18+AG19 -> 77.932157 | AI19: =(A19-A18) - 0.5 * (A19-A18) * SIN(AVERAGE(J18,J19)) * TAN(AVERAGE(J18,J19)) -> 71.682712 | AJ19: =(A19-A18) - 0.5*AG19*TAN(AVERAGE(J18,J19)) -> 71.682712 | AK19: =(A19-A18) * (2 - 1/COS(AVERAGE(J18,J19))) -> 71.682013 | AL19: =AL18+AJ19 -> 1872.5262 | AM19: =AH19-AC19 -> 0.010124071 | AN19: =AL19-AE19 -> 0.10161111 | AO19: =0.5*AG19*TAN(AVERAGE(J18,J19)) -> 0.31728798
A20: 1926 | B20: 4.75 | C20: 0 | E20: =U20 -> 1922.2142 | F20: =0 -> 0 | G20: =B20 -> 4.75 | J20: =RADIANS(B20) -> 0.082903139 | K20: =RADIANS(C20) -> 0 | M20: =ACOS(MAX(-1,MIN(1, COS(J20-J19)-SIN(J19)*SIN(J20)*(1-COS(K20-K19))))) -> 0.017453293 | N20: =IF(LEFT(C$5,1)="m", 30*DEGREES(M20)/(A20-A19), 100*DEGREES(M20)/(A20-A19)) -> 0.6 | O20: =IF(M20=0, 1, 2*TAN(M20/2)/M20) -> 1.0000254 | P20: =0.5*(A20-A19)*O20 * (SIN(J19)*COS(K19) + SIN(J20)*COS(K20)) -> 4.5750229 | Q20: =0.5*(A20-A19)*O20 * (SIN(J19)*SIN(K19) + SIN(J20)*SIN(K20)) -> 0 | R20: =0.5*(A20-A19)*O20 * (COS(J19) + COS(J20)) -> 49.789614 | S20: =S19+P20 -> 82.497056 | T20: =T19+Q20 -> 0 | U20: =U19+R20 -> 1922.2142 | W20: =J20-J19 -> -0.017453293 | X20: =IF(LEFT(C$5,1)="m", 30*DEGREES(W20)/(A20-A19), 100*DEGREES(W20)/(A20-A19)) -> -0.6 | Y20: =IF(W20=0, 1, 2*TAN(W20/2)/W20) -> 1.0000254 | Z20: =0.5*(A20-A19)*Y20 * (SIN(J19)+SIN(J20)) -> 4.5750229 | AA20: 0 | AB20: =0.5*(A20-A19)*Y20 * (COS(J19)+COS(J20)) -> 49.789614 | AC20: =AC19+Z20 -> 82.497056 | AD20: =AD19+AA20 -> 0 | AE20: =AE19+AB20 -> 1922.2142 | AG20: =(A20-A19)*SIN(AVERAGE(J19,J20)) -> 4.5750809 | AH20: =AH19+AG20 -> 82.507238 | AI20: =(A20-A19) - 0.5 * (A20-A19) * SIN(AVERAGE(J19,J20)) * TAN(AVERAGE(J19,J20)) -> 49.789805 | AJ20: =(A20-A19) - 0.5*AG20*TAN(AVERAGE(J19,J20)) -> 49.789805 | AK20: =(A20-A19) * (2 - 1/COS(AVERAGE(J19,J20))) -> 49.789363 | AL20: =AL19+AJ20 -> 1922.316 | AM20: =AH20-AC20 -> 0.01018214 | AN20: =AL20-AE20 -> 0.10180125 | AO20: =0.5*AG20*TAN(AVERAGE(J19,J20)) -> 0.21019544
A21: 1981 | B21: 6 | C21: 0 | E21: =U21 -> 1976.9712 | F21: =0 -> 0 | G21: =B21 -> 6 | J21: =RADIANS(B21) -> 0.10471976 | K21: =RADIANS(C21) -> 0 | M21: =ACOS(MAX(-1,MIN(1, COS(J21-J20)-SIN(J20)*SIN(J21)*(1-COS(K21-K20))))) -> 0.021816616 | N21: =IF(LEFT(C$5,1)="m", 30*DEGREES(M21)/(A21-A20), 100*DEGREES(M21)/(A21-A20)) -> 0.68181818 | O21: =IF(M21=0, 1, 2*TAN(M21/2)/M21) -> 1.0000397 | P21: =0.5*(A21-A20)*O21 * (SIN(J20)*COS(K20) + SIN(J21)*COS(K21)) -> 5.1519628 | Q21: =0.5*(A21-A20)*O21 * (SIN(J20)*SIN(K20) + SIN(J21)*SIN(K21)) -> 0 | R21: =0.5*(A21-A20)*O21 * (COS(J20) + COS(J21)) -> 54.757075 | S21: =S20+P21 -> 87.649019 | T21: =T20+Q21 -> 0 | U21: =U20+R21 -> 1976.9712 | W21: =J21-J20 -> 0.021816616 | X21: =IF(LEFT(C$5,1)="m", 30*DEGREES(W21)/(A21-A20), 100*DEGREES(W21)/(A21-A20)) -> 0.68181818 | Y21: =IF(W21=0, 1, 2*TAN(W21/2)/W21) -> 1.0000397 | Z21: =0.5*(A21-A20)*Y21 * (SIN(J20)+SIN(J21)) -> 5.1519628 | AA21: 0 | AB21: =0.5*(A21-A20)*Y21 * (COS(J20)+COS(J21)) -> 54.757075 | AC21: =AC20+Z21 -> 87.649019 | AD21: =AD20+AA21 -> 0 | AE21: =AE20+AB21 -> 1976.9712 | AG21: =(A21-A20)*SIN(AVERAGE(J20,J21)) -> 5.152065 | AH21: =AH20+AG21 -> 87.659303 | AI21: =(A21-A20) - 0.5 * (A21-A20) * SIN(AVERAGE(J20,J21)) * TAN(AVERAGE(J20,J21)) -> 54.757627 | AJ21: =(A21-A20) - 0.5*AG21*TAN(AVERAGE(J20,J21)) -> 54.757627 | AK21: =(A21-A20) * (2 - 1/COS(AVERAGE(J20,J21))) -> 54.757093 | AL21: =AL20+AJ21 -> 1977.0736 | AM21: =AH21-AC21 -> 0.010284314 | AN21: =AL21-AE21 -> 0.10235316 | AO21: =0.5*AG21*TAN(AVERAGE(J20,J21)) -> 0.24237276
... A46: 3864.3 | B46: 7 | C46: 0 | E46: =U46 -> 3849.4337 | F46: =0 -> 0 | G46: =B46 -> 7 | J46: =RADIANS(B46) -> 0.12217305 | K46: =RADIANS(C46) -> 0 | M46: =ACOS(MAX(-1,MIN(1, COS(J46-J45)-SIN(J45)*SIN(J46)*(1-COS(K46-K45))))) -> 0 | N46: =IF(LEFT(C$5,1)="m", 30*DEGREES(M46)/(A46-A45), 100*DEGREES(M46)/(A46-A45)) -> 0 | O46: =IF(M46=0, 1, 2*TAN(M46/2)/M46) -> 1 | P46: =0.5*(A46-A45)*O46 * (SIN(J45)*COS(K45) + SIN(J46)*COS(K46)) -> 9.6642389 | Q46: =0.5*(A46-A45)*O46 * (SIN(J45)*SIN(K45) + SIN(J46)*SIN(K46)) -> 0 | R46: =0.5*(A46-A45)*O46 * (COS(J45) + COS(J46)) -> 78.70891 | S46: =S45+P46 -> 287.42035 | T46: =T45+Q46 -> 0 | U46: =U45+R46 -> 3849.4337 | W46: =J46-J45 -> 0 | X46: =IF(LEFT(C$5,1)="m", 30*DEGREES(W46)/(A46-A45), 100*DEGREES(W46)/(A46-A45)) -> 0 | Y46: =IF(W46=0, 1, 2*TAN(W46/2)/W46) -> 1 | Z46: =0.5*(A46-A45)*Y46 * (SIN(J45)+SIN(J46)) -> 9.6642389 | AA46: 0 | AB46: =0.5*(A46-A45)*Y46 * (COS(J45)+COS(J46)) -> 78.70891 | AC46: =AC45+Z46 -> 287.42035 | AD46: =AD45+AA46 -> 0 | AE46: =AE45+AB46 -> 3849.4337 | AG46: =(A46-A45)*SIN(AVERAGE(J45,J46)) -> 9.6642389 | AH46: =AH45+AG46 -> 287.4336 | AI46: =(A46-A45) - 0.5 * (A46-A45) * SIN(AVERAGE(J45,J46)) * TAN(AVERAGE(J45,J46)) -> 78.70669 | AJ46: =(A46-A45) - 0.5*AG46*TAN(AVERAGE(J45,J46)) -> 78.70669 | AK46: =(A46-A45) * (2 - 1/COS(AVERAGE(J45,J46))) -> 78.704471 | AL46: =AL45+AJ46 -> 3849.5295 | AM46: =AH46-AC46 -> 0.013250067 | AN46: =AL46-AE46 -> 0.095768375 | AO46: =0.5*AG46*TAN(AVERAGE(J45,J46)) -> 0.59330967

Sheet Sample data
A1: Simple test for inclination-only survey
A2: To see the error in TVD if inclination and azimuth would be set to 0 for calculation of a straight wellbore path
A3: BK | B3: 44984
E5: does not work well - just compute it properly… (the weighted avg inc may work?)
C6: MD@BH | E6: inc_avg | H6: computed | I6: estimated | J6: est2 | N6: computed | O6: estimated | P6: est2
A7: 1 | B7: TD | C7: =B61 -> 2840 | D7: avg(INC)= | E7: =AVERAGE(C18:C61) -> 1.0397727 | G7: max. hor err: | H7: =F61 -> 54.154387 | I7: =C7*SIN(RADIANS(E7)) -> 51.535951 | M7: TVD error | N7: =B61-H61 -> 0.6213658 | O7: =0.5*C7*TAN(RADIANS(E7))^2 -> 0.4677516
A8: 2: SHERIF-1 DEEP | B8: TD | C8: =B89 -> 3012.5 | D8: avg(INC)= | E8: =AVERAGE(C66:C89) -> 2.3333333 | G8: max. hor err: | H8: =F89 -> 115.41741 | I8: =C8*SIN(RADIANS(E8)) -> 122.64819 | M8: TVD error | N8: =B89-H89 -> 2.7176879 | O8: =0.5*C8*TAN(RADIANS(E8))^2 -> 2.500839
A9: 3: SHUVA-1 | B9: TD | C9: =B113 -> 2440 | D9: avg(INC)= | E9: =AVERAGE(C95:C113) -> 2.3157895 | G9: max. hor err: | H9: =F113 -> 69.155348 | I9: =C9*SIN(RADIANS(E9)) -> 98.593439 | J9: =L113 -> 69.159608 | M9: TVD error | N9: =B113-H113 -> 2.0340443 | O9: =0.5*C9*TAN(RADIANS(E9))^2 -> 1.9951974 | P9: =O113 -> 1.9482183
A10: 4: RAMON-1 | B10: TD | C10: =B147 -> 3439 | D10: avg(INC)= | E10: =AVERAGE(C119:C147) -> 1.6465517 | G10: max. hor err: | H10: =F147 -> 119.65737 | I10: =C10*SIN(RADIANS(E10)) -> 98.815516 | J10: =L147 -> 119.6586 | M10: TVD error | N10: =B147-H147 -> 2.2841584 | O10: =0.5*C10*TAN(RADIANS(E10))^2 -> 1.4208454 | P10: =O147 -> 2.2521231
A11: 5: Rosh Pina | B11: TD | C11: =B189 -> 3864.3 | D11: avg(INC)= | E11: =AVERAGE(C152:C189) -> 5.6447368 | G11: max. hor err: | H11: =F189 -> 287.42035 | I11: =C11*SIN(RADIANS(E11)) -> 380.09235 | J11: =L189 -> 287.4336 | M11: TVD error | N11: =B189-H189 -> 14.866265 | O11: =0.5*C11*TAN(RADIANS(E11))^2 -> 18.875547 | P11: =O189 -> 14.770497
K15: ddHor | L15: dH | N15: ddVert | O15: dV
A16: OUM =meters | F16: minimum curvature (w/AZI=0) | K16: sum(md*sin(I)) | P16: simple piecewise linear approx of min curvature (not in middle)
A17: Station ID | B17: MD | C17: INC | D17: AZI | F17: n | G17: e | H17: d | J17: hor_error | K17: dhor_err2 | L17: sum err2 | M17: MD-TVD | P17: n | Q17: e | R17: TVD correction | S17: d | U17: inc only flag | W17: correction_n | X17: corrected n | Z17: check | AB17: dn | AC17: dn_corrected | AD17: n corrected
A18: 1 | B18: 0 | C18: 0 | D18: 0 | F18: 0 | G18: 0 | H18: 0 | J18: =F18 -> 0 | K18: 0 | M18: =B18-H18 -> 0 | Q18: tmp | V18: correct n
A19: 2 | B19: 70 | C19: 0 | D19: 0 | F19: 0 | G19: 0 | H19: 70 | J19: =F19 -> 0 | K19: =(B19-B18)*SIN(RADIANS(AVERAGE(C18,C19))) -> 0 | L19: =L18+K19 -> 0 | M19: =B19-H19 -> 0 | N19: =0.5*K19*TAN(RADIANS(AVERAGE(C18,C19))) -> 0 | O19: =O18+N19 -> 0 | P19: =P18 + (B19-B18)*TAN(RADIANS(C19)) -> 0 | Q19: 0 | R19: =R18 + (B19-B18)*TAN(RADIANS(AVERAGE(C18,C19)))^2 -> 0 | S19: =B19-R19 -> 70 | U19: x | V19: 0 | W19: =P19 -> 0 | X19: 0 | Z19: =X19-P19 -> 0 | AB19: =P19-P18 -> 0 | AC19: =IF(U19="x", 0, AB19) -> 0 | AD19: =AC19+AD18 -> 0
A20: 3 | B20: 80 | C20: 0.75 | D20: 0 | F20: 0.065448912 | G20: 0 | H20: 79.999714 | J20: =F20 -> 0.065448912 | K20: =(B20-B19)*SIN(RADIANS(AVERAGE(C19,C20))) -> 0.06544938 | L20: =L19+K20 -> 0.06544938 | M20: =B20-H20 -> 0.00028557638 | N20: =0.5*K20*TAN(RADIANS(AVERAGE(C19,C20))) -> 0.00021418565 | O20: =O19+N20 -> 0.00021418565 | P20: =P19 + (B20-B19)*TAN(RADIANS(C20)) -> 0.13090717 | Q20: 0 | R20: =R19 + (B20-B19)*TAN(RADIANS(AVERAGE(C19,C20)))^2 -> 0.00042838048 | S20: =B20-R20 -> 79.999572 | U20: x | V20: 0 | W20: =W19+P20 -> 0.13090717 | X20: =X19 -> 0 | Z20: =X20-P20 -> -0.13090717 | AB20: =P20-P19 -> 0.13090717 | AC20: =IF(U20="x", 0, AB20) -> 0 | AD20: =AC20+AD19 -> 0
A21: 4 | B21: 200 | C21: 0.75 | D21: 0 | F21: 1.6362004 | G21: 0 | H21: 199.98943 | J21: =F21 -> 1.6362004 | K21: =(B21-B20)*SIN(RADIANS(AVERAGE(C20,C21))) -> 1.5707515 | L21: =L20+K21 -> 1.6362008 | M21: =B21-H21 -> 0.010566268 | N21: =0.5*K21*TAN(RADIANS(AVERAGE(C20,C21))) -> 0.010281132 | O21: =O20+N21 -> 0.010495317 | P21: =P20 + (B21-B20)*TAN(RADIANS(C21)) -> 1.7017932 | Q21: 0 | R21: =R20 + (B21-B20)*TAN(RADIANS(AVERAGE(C20,C21)))^2 -> 0.020992405 | S21: =B21-R21 -> 199.97901 | U21: x | V21: 0 | W21: =W20+P21 -> 1.8327004 | X21: =X20 -> 0 | Z21: =X21-P21 -> -1.7017932 | AB21: =P21-P20 -> 1.5708861 | AC21: =IF(U21="x", 0, AB21) -> 0 | AD21: =AC21+AD20 -> 0
A22: 5 | B22: 290 | C22: 0.5 | D22: 0 | F22: 2.6179278 | G22: 0 | H22: 289.98401 | J22: =F22 -> 2.6179278 | K22: =(B22-B21)*SIN(RADIANS(AVERAGE(C21,C22))) -> 0.98172823 | L22: =L21+K22 -> 2.6179291 | M22: =B22-H22 -> 0.015992208 | N22: =0.5*K22*TAN(RADIANS(AVERAGE(C21,C22))) -> 0.0053547093 | O22: =O21+N22 -> 0.015850026 | P22: =P21 + (B22-B21)*TAN(RADIANS(C22)) -> 2.4872113 | Q22: 0 | R22: =R21 + (B22-B21)*TAN(RADIANS(AVERAGE(C21,C22)))^2 -> 0.031702461 | S22: =B22-R22 -> 289.9683 | U22: x | V22: 0 | W22: =W21+P22 -> 4.3199117 | X22: =X21 -> 0 | Z22: =X22-P22 -> -2.4872113 | AB22: =P22-P21 -> 0.7854181 | AC22: =IF(U22="x", 0, AB22) -> 0 | AD22: =AC22+AD21 -> 0
A23: 6 | B23: 385 | C23: 0.5 | D23: 0 | F23: 3.4469487 | G23: 0 | H23: 384.98039 | J23: =F23 -> 3.4469487 | K23: =(B23-B22)*SIN(RADIANS(AVERAGE(C22,C23))) -> 0.82902087 | L23: =L22+K23 -> 3.44695 | M23: =B23-H23 -> 0.019609517 | N23: =0.5*K23*TAN(RADIANS(AVERAGE(C22,C23))) -> 0.0036173778 | O23: =O22+N23 -> 0.019467404 | P23: =P22 + (B23-B22)*TAN(RADIANS(C23)) -> 3.3162638 | Q23: 0 | R23: =R22 + (B23-B22)*TAN(RADIANS(AVERAGE(C22,C23)))^2 -> 0.038937492 | S23: =B23-R23 -> 384.96106 | U23: x | V23: 0 | W23: =W22+P23 -> 7.6361755 | X23: =X22 -> 0 | Z23: =X23-P23 -> -3.3162638 | AB23: =P23-P22 -> 0.82905244 | AC23: =IF(U23="x", 0, AB23) -> 0 | AD23: =AC23+AD22 -> 0
A24: 7 | B24: 485 | C24: 0.25 | D24: 0 | F24: 4.101442 | G24: 0 | H24: 484.97817 | J24: =F24 -> 4.101442 | K24: =(B24-B23)*SIN(RADIANS(AVERAGE(C23,C24))) -> 0.6544938 | L24: =L23+K24 -> 4.1014438 | M24: =B24-H24 -> 0.021830676 | N24: =0.5*K24*TAN(RADIANS(AVERAGE(C23,C24))) -> 0.0021418565 | O24: =O23+N24 -> 0.021609261 | P24: =P23 + (B24-B23)*TAN(RADIANS(C24)) -> 3.7525988 | Q24: 0 | R24: =R23 + (B24-B23)*TAN(RADIANS(AVERAGE(C23,C24)))^2 -> 0.043221297 | S24: =B24-R24 -> 484.95678 | U24: x | V24: 0 | W24: =W23+P24 -> 11.388774 | X24: =X23 -> 0 | Z24: =X24-P24 -> -3.7525988 | AB24: =P24-P23 -> 0.43633508 | AC24: =IF(U24="x", 0, AB24) -> 0 | AD24: =AC24+AD23 -> 0
A25: 8 | B25: 635 | C25: 2 | D25: 0 | F25: 7.0463814 | G25: 0 | H25: 634.94343 | J25: =F25 -> 7.0463814 | K25: =(B25-B24)*SIN(RADIANS(AVERAGE(C24,C25))) -> 2.9450539 | L25: =L24+K25 -> 7.0464976 | M25: =B25-H25 -> 0.05657398 | N25: =0.5*K25*TAN(RADIANS(AVERAGE(C24,C25))) -> 0.028916715 | O25: =O24+N25 -> 0.050525976 | P25: =P24 + (B25-B24)*TAN(RADIANS(C25)) -> 8.9907143 | Q25: 0 | R25: =R24 + (B25-B24)*TAN(RADIANS(AVERAGE(C24,C25)))^2 -> 0.10106588 | S25: =B25-R25 -> 634.89893 | U25: x | V25: 0 | W25: =W24+P25 -> 20.379489 | X25: =X24 -> 0 | Z25: =X25-P25 -> -8.9907143 | AB25: =P25-P24 -> 5.2381154 | AC25: =IF(U25="x", 0, AB25) -> 0 | AD25: =AC25+AD24 -> 0
A26: 9 | B26: 680 | C26: 2 | D26: 0 | F26: 8.6168587 | G26: 0 | H26: 679.91601 | J26: =F26 -> 8.6168587 | K26: =(B26-B25)*SIN(RADIANS(AVERAGE(C25,C26))) -> 1.5704774 | L26: =L25+K26 -> 8.616975 | M26: =B26-H26 -> 0.083986764 | N26: =0.5*K26*TAN(RADIANS(AVERAGE(C25,C26))) -> 0.027421139 | O26: =O25+N26 -> 0.077947115 | P26: =P25 + (B26-B25)*TAN(RADIANS(C26)) -> 10.562149 | Q26: 0 | R26: =R25 + (B26-B25)*TAN(RADIANS(AVERAGE(C25,C26)))^2 -> 0.15594158 | S26: =B26-R26 -> 679.84406 | U26: x | V26: 0 | W26: =W25+P26 -> 30.941637 | X26: =X25 -> 0 | Z26: =X26-P26 -> -10.562149 | AB26: =P26-P25 -> 1.5714346 | AC26: =IF(U26="x", 0, AB26) -> 0 | AD26: =AC26+AD25 -> 0
A27: 10 | B27: 740 | C27: 2 | D27: 0 | F27: 10.710829 | G27: 0 | H27: 739.87946 | J27: =F27 -> 10.710829 | K27: =(B27-B26)*SIN(RADIANS(AVERAGE(C26,C27))) -> 2.0939698 | L27: =L26+K27 -> 10.710945 | M27: =B27-H27 -> 0.12053714 | N27: =0.5*K27*TAN(RADIANS(AVERAGE(C26,C27))) -> 0.036561518 | O27: =O26+N27 -> 0.11450863 | P27: =P26 + (B27-B26)*TAN(RADIANS(C27)) -> 12.657395 | Q27: 0 | R27: =R26 + (B27-B26)*TAN(RADIANS(AVERAGE(C26,C27)))^2 -> 0.22910919 | S27: =B27-R27 -> 739.77089 | U27: x | V27: 0 | W27: =W26+P27 -> 43.599033 | X27: =X26 -> 0 | Z27: =X27-P27 -> -12.657395 | AB27: =P27-P26 -> 2.0952462 | AC27: =IF(U27="x", 0, AB27) -> 0 | AD27: =AC27+AD26 -> 0
A28: 11 | B28: 870 | C28: 1.25 | D28: 0 | F28: 14.397316 | G28: 0 | H28: 869.82625 | J28: =F28 -> 14.397316 | K28: =(B28-B27)*SIN(RADIANS(AVERAGE(C27,C28))) -> 3.6865138 | L28: =L27+K28 -> 14.397459 | M28: =B28-H28 -> 0.17374612 | N28: =0.5*K28*TAN(RADIANS(AVERAGE(C27,C28))) -> 0.052291737 | O28: =O27+N28 -> 0.16680037 | P28: =P27 + (B28-B27)*TAN(RADIANS(C28)) -> 15.494005 | Q28: 0 | R28: =R27 + (B28-B27)*TAN(RADIANS(AVERAGE(C27,C28)))^2 -> 0.33373474 | S28: =B28-R28 -> 869.66627 | U28: x | V28: 0 | W28: =W27+P28 -> 59.093038 | X28: =X27 -> 0 | Z28: =X28-P28 -> -15.494005 | AB28: =P28-P27 -> 2.8366101 | AC28: =IF(U28="x", 0, AB28) -> 0 | AD28: =AC28+AD27 -> 0
A29: 12 | B29: 915 | C29: 1 | D29: 0 | F29: 15.280831 | G29: 0 | H29: 914.81754 | J29: =F29 -> 15.280831 | K29: =(B29-B28)*SIN(RADIANS(AVERAGE(C28,C29))) -> 0.88351616 | L29: =L28+K29 -> 15.280975 | M29: =B29-H29 -> 0.18245599 | N29: =0.5*K29*TAN(RADIANS(AVERAGE(C28,C29))) -> 0.0086750145 | O29: =O28+N29 -> 0.17547538 | P29: =P28 + (B29-B28)*TAN(RADIANS(C29)) -> 16.279483 | Q29: 0 | R29: =R28 + (B29-B28)*TAN(RADIANS(AVERAGE(C28,C29)))^2 -> 0.35108812 | S29: =B29-R29 -> 914.64891 | U29: x | V29: 0 | W29: =W28+P29 -> 75.372521 | X29: =X28 -> 0 | Z29: =X29-P29 -> -16.279483 | AB29: =P29-P28 -> 0.78547792 | AC29: =IF(U29="x", 0, AB29) -> 0 | AD29: =AC29+AD28 -> 0
A30: 13 | B30: 950 | C30: 0.5 | D30: 0 | F30: 15.738966 | G30: 0 | H30: 949.81443 | J30: =F30 -> 15.738966 | K30: =(B30-B29)*SIN(RADIANS(AVERAGE(C29,C30))) -> 0.45813584 | L30: =L29+K30 -> 15.739111 | M30: =B30-H30 -> 0.18556557 | N30: =0.5*K30*TAN(RADIANS(AVERAGE(C29,C30))) -> 0.0029986634 | O30: =O29+N30 -> 0.17847405 | P30: =P29 + (B30-B29)*TAN(RADIANS(C30)) -> 16.584923 | Q30: 0 | R30: =R29 + (B30-B29)*TAN(RADIANS(AVERAGE(C29,C30)))^2 -> 0.35708596 | S30: =B30-R30 -> 949.64291 | U30: x | V30: 0 | W30: =W29+P30 -> 91.957444 | X30: =X29 -> 0 | Z30: =X30-P30 -> -16.584923 | AB30: =P30-P29 -> 0.30544037 | AC30: =IF(U30="x", 0, AB30) -> 0 | AD30: =AC30+AD29 -> 0
A31: 14 | B31: 990 | C31: 0.5 | D31: 0 | F31: 16.088027 | G31: 0 | H31: 989.81291 | J31: =F31 -> 16.088027 | K31: =(B31-B30)*SIN(RADIANS(AVERAGE(C30,C31))) -> 0.34906142 | L31: =L30+K31 -> 16.088172 | M31: =B31-H31 -> 0.18708865 | N31: =0.5*K31*TAN(RADIANS(AVERAGE(C30,C31))) -> 0.0015231064 | O31: =O30+N31 -> 0.17999715 | P31: =P30 + (B31-B30)*TAN(RADIANS(C31)) -> 16.933998 | Q31: 0 | R31: =R30 + (B31-B30)*TAN(RADIANS(AVERAGE(C30,C31)))^2 -> 0.36013229 | S31: =B31-R31 -> 989.63987 | U31: x | V31: 0 | W31: =W30+P31 -> 108.89144 | X31: =X30 -> 0 | Z31: =X31-P31 -> -16.933998 | AB31: =P31-P30 -> 0.34907471 | AC31: =IF(U31="x", 0, AB31) -> 0 | AD31: =AC31+AD30 -> 0
A32: 15 | B32: 1020 | C32: 0.5 | D32: 0 | F32: 16.349823 | G32: 0 | H32: 1019.8118 | J32: =F32 -> 16.349823 | K32: =(B32-B31)*SIN(RADIANS(AVERAGE(C31,C32))) -> 0.26179606 | L32: =L31+K32 -> 16.349968 | M32: =B32-H32 -> 0.18823096 | N32: =0.5*K32*TAN(RADIANS(AVERAGE(C31,C32))) -> 0.0011423298 | O32: =O31+N32 -> 0.18113948 | P32: =P31 + (B32-B31)*TAN(RADIANS(C32)) -> 17.195804 | Q32: 17.195804 | R32: =R31 + (B32-B31)*TAN(RADIANS(AVERAGE(C31,C32)))^2 -> 0.36241703 | S32: =B32-R32 -> 1019.6376 | V32: =P32-P$31 -> 0.26180603 | W32: =W31+P32 -> 126.08725 | X32: =P32-P31 -> 0.26180603 | Z32: =X32-P32 -> -16.933998 | AB32: =P32-P31 -> 0.26180603 | AC32: =IF(U32="x", 0, AB32) -> 0.26180603 | AD32: =AC32+AD31 -> 0.26180603
